Freq_MHz,Timestamp_ms,RSSI_dBm,Data_Hex
0.00,2305,-1.0,N/A
900.00,2891,-74.0,N/A
900.23,2898,-74.0,N/A
900.47,2905,-74.0,N/A
900.70,2912,-74.0,N/A
900.94,2920,-74.0,N/A
901.17,2928,-74.0,N/A
901.41,2937,-74.0,N/A
901.64,2991,-74.0,N/A
901.87,2998,-74.0,N/A
902.11,3076,-74.0,N/A
902.34,3119,-74.0,N/A
902.58,3168,-74.0,N/A
902.81,3210,-74.0,N/A
903.05,3252,-74.0,N/A
903.28,3337,-74.0,N/A
903.52,3379,-74.0,N/A
903.75,3421,-74.0,N/A
903.98,3467,-74.0,N/A
904.22,3513,-74.0,N/A
904.45,3554,-74.0,N/A
904.69,3598,-74.0,N/A
904.92,3644,-74.0,N/A
905.16,3737,-74.0,N/A
905.39,3780,-74.0,N/A
905.62,3822,-74.0,N/A
905.86,3866,-74.0,N/A
906.09,3911,-74.0,N/A
906.33,3954,-74.0,N/A
906.56,4001,-74.0,N/A
906.80,4047,-74.0,N/A
907.03,4133,-74.0,N/A
907.27,4177,-74.0,N/A
907.50,4223,-74.0,N/A
907.73,4267,-74.0,N/A
907.97,4312,-74.0,N/A
908.20,4355,-74.0,N/A
908.44,4404,-74.0,N/A
908.67,4448,-74.0,N/A
908.91,4540,-74.0,N/A
909.14,4589,-74.0,N/A
909.37,4633,-74.0,N/A
909.61,4679,-74.0,N/A
909.84,4726,-74.0,N/A
910.08,4774,-74.0,N/A
910.31,4821,-74.0,N/A
910.55,4866,-74.0,N/A
910.78,4961,-74.0,N/A
911.02,5008,-74.0,N/A
911.25,5057,-74.0,N/A
911.48,5105,-74.0,N/A
911.72,5154,-74.0,N/A
911.95,5202,-74.0,N/A
912.19,5249,-74.0,N/A
912.42,5299,-74.0,N/A
912.66,5395,-74.0,N/A
912.89,5444,-74.0,N/A
913.12,5489,-74.0,N/A
913.36,5537,-74.0,N/A
913.59,5582,-74.0,N/A
913.83,5632,-74.0,N/A
914.06,5681,-74.0,N/A
914.30,5728,-74.0,N/A
914.53,5820,-74.0,N/A
914.77,5867,-74.0,N/A
915.00,5913,-74.0,N/A
915.23,5959,-74.0,N/A
915.47,6012,-74.0,N/A
915.70,6060,-74.0,N/A
915.94,6107,-74.0,N/A
916.17,6158,-74.0,N/A
916.41,6256,-74.0,N/A
916.64,6306,-74.0,N/A
916.87,6357,-74.0,N/A
917.11,6408,-74.0,N/A
917.34,6457,-74.0,N/A
917.58,6507,-74.0,N/A
917.81,6560,-74.0,N/A
918.05,6610,-74.0,N/A
918.28,6711,-74.0,N/A
918.52,6762,-74.0,N/A
918.75,6814,-74.0,N/A
918.98,6871,-74.0,N/A
919.22,6921,-74.0,N/A
919.45,6972,-74.0,N/A
919.69,7029,-74.0,N/A
919.92,7086,-74.0,N/A
920.16,7191,-74.0,N/A
920.39,7244,-74.0,N/A
920.62,7296,-74.0,N/A
920.86,7356,-74.0,N/A
921.09,7410,-74.0,N/A
921.33,7462,-74.0,N/A
921.56,7517,-74.0,N/A
921.80,7570,-74.0,N/A
922.03,7673,-74.0,N/A
922.27,7726,-74.0,N/A
922.50,7777,-74.0,N/A
922.73,7830,-74.0,N/A
922.97,7884,-74.0,N/A
923.20,7938,-74.0,N/A
923.44,7993,-74.0,N/A
923.67,8051,-74.0,N/A
923.91,8155,-74.0,N/A
924.14,8207,-74.0,N/A
924.37,8263,-74.0,N/A
924.61,8315,-74.0,N/A
924.84,8369,-74.0,N/A
925.08,8424,-74.0,N/A
925.31,8484,-74.0,N/A
925.55,8543,-74.0,N/A
925.78,8682,-74.0,N/A
926.02,8738,-74.0,N/A
926.25,8794,-74.0,N/A
926.48,8850,-74.0,N/A
926.72,8904,-74.0,N/A
926.95,8965,-74.0,N/A
927.19,9021,-74.0,N/A
927.42,9077,-74.0,N/A
927.66,9170,-74.0,N/A
927.89,9226,-74.0,N/A
900.00,9283,-74.0,N/A
900.23,9343,-74.0,N/A
900.47,9401,-74.0,N/A
900.70,9456,-74.0,N/A
900.94,9515,-74.0,N/A
901.17,9573,-74.0,N/A
901.41,9666,-74.0,N/A
901.64,9724,-74.0,N/A
901.87,9781,-74.0,N/A
902.11,9838,-74.0,N/A
902.34,9898,-74.0,N/A
902.58,9959,-74.0,N/A
902.81,10020,-74.0,N/A
903.05,10081,-74.0,N/A
903.28,10181,-74.0,N/A
903.52,10244,-74.0,N/A
903.75,10304,-74.0,N/A
903.98,10362,-74.0,N/A
904.22,10422,-74.0,N/A
904.45,10483,-74.0,N/A
904.69,10545,-74.0,N/A
904.92,10611,-74.0,N/A
905.16,10711,-74.0,N/A
905.39,10771,-74.0,N/A
905.62,10829,-74.0,N/A
905.86,10890,-74.0,N/A
906.09,10951,-74.0,N/A
906.33,11012,-74.0,N/A
906.56,11070,-74.0,N/A
906.80,11132,-74.0,N/A
907.03,11233,-74.0,N/A
907.27,11293,-74.0,N/A
907.50,11359,-74.0,N/A
907.73,11424,-74.0,N/A
907.97,11486,-74.0,N/A
908.20,11550,-74.0,N/A
908.44,11614,-74.0,N/A
908.67,11677,-74.0,N/A
908.91,11778,-74.0,N/A
909.14,11837,-74.0,N/A
909.37,11902,-74.0,N/A
909.61,11965,-74.0,N/A
909.84,12029,-74.0,N/A
910.08,12097,-74.0,N/A
910.31,12163,-74.0,N/A
910.55,12226,-74.0,N/A
910.78,12327,-74.0,N/A
911.02,12392,-74.0,N/A
911.25,12457,-74.0,N/A
911.48,12518,-74.0,N/A
911.72,12583,-74.0,N/A
911.95,12650,-74.0,N/A
912.19,12716,-74.0,N/A
912.42,12786,-74.0,N/A
912.66,12903,-74.0,N/A
912.89,12942,-74.0,N/A
913.12,12983,-74.0,N/A
913.36,13024,-74.0,N/A
913.59,13065,-74.0,N/A
913.83,13106,-74.0,N/A
914.06,13146,-74.0,N/A
914.30,13185,-74.0,N/A
914.53,13267,-74.0,N/A
914.77,13307,-74.0,N/A
915.00,13349,-74.0,N/A
915.23,13390,-74.0,N/A
915.47,13432,-74.0,N/A
915.70,13474,-74.0,N/A
915.94,13515,-74.0,N/A
916.17,13559,-74.0,N/A
916.41,13641,-74.0,N/A
916.64,13680,-74.0,N/A
916.87,13722,-74.0,N/A
917.11,13765,-74.0,N/A
917.34,13809,-74.0,N/A
917.58,13856,-74.0,N/A
917.81,13902,-74.0,N/A
918.05,13945,-74.0,N/A
918.28,14027,-74.0,N/A
918.52,14075,-74.0,N/A
918.75,14118,-74.0,N/A
918.98,14165,-74.0,N/A
919.22,14211,-74.0,N/A
919.45,14257,-74.0,N/A
919.69,14311,-74.0,N/A
919.92,14356,-74.0,N/A
920.16,14439,-74.0,N/A
920.39,14489,-74.0,N/A
920.62,14537,-74.0,N/A
920.86,14588,-74.0,N/A
921.09,14635,-74.0,N/A
921.33,14684,-74.0,N/A
921.56,14738,-74.0,N/A
921.80,14786,-74.0,N/A
922.03,14872,-74.0,N/A
922.27,14918,-74.0,N/A
922.50,14967,-74.0,N/A
922.73,15018,-74.0,N/A
922.97,15065,-74.0,N/A
923.20,15112,-74.0,N/A
923.44,15160,-74.0,N/A
923.67,15209,-74.0,N/A
923.91,15296,-74.0,N/A
924.14,15344,-74.0,N/A
924.37,15392,-74.0,N/A
924.61,15438,-74.0,N/A
924.84,15487,-74.0,N/A
925.08,15538,-74.0,N/A
925.31,15585,-74.0,N/A
925.55,15632,-74.0,N/A
925.78,15720,-74.0,N/A
926.02,15772,-74.0,N/A
926.25,15823,-74.0,N/A
926.48,15870,-74.0,N/A
926.72,15923,-74.0,N/A
926.95,15974,-74.0,N/A
927.19,16025,-74.0,N/A
927.42,16074,-74.0,N/A
927.66,16172,-74.0,N/A
927.89,16221,-74.0,N/A
900.00,16272,-74.0,N/A
900.23,16322,-74.0,N/A
900.47,16374,-74.0,N/A
900.70,16428,-74.0,N/A
900.94,16481,-74.0,N/A
901.17,16530,-74.0,N/A
901.41,16622,-74.0,N/A
901.64,16672,-74.0,N/A
901.87,16724,-74.0,N/A
902.11,16776,-74.0,N/A
902.34,16827,-74.0,N/A
902.58,16879,-74.0,N/A
902.81,16933,-74.0,N/A
903.05,16986,-74.0,N/A
903.28,17083,-74.0,N/A
903.52,17137,-74.0,N/A
903.75,17196,-74.0,N/A
903.98,17248,-74.0,N/A
904.22,17299,-74.0,N/A
904.45,17352,-74.0,N/A
904.69,17407,-74.0,N/A
904.92,17461,-74.0,N/A
905.16,17564,-74.0,N/A
905.39,17620,-74.0,N/A
905.62,17674,-74.0,N/A
905.86,17726,-74.0,N/A
906.09,17778,-74.0,N/A
906.33,17835,-74.0,N/A
906.56,17890,-74.0,N/A
906.80,17946,-74.0,N/A
907.03,18048,-74.0,N/A
907.27,18105,-74.0,N/A
907.50,18159,-74.0,N/A
907.73,18218,-74.0,N/A
907.97,18277,-74.0,N/A
908.20,18332,-74.0,N/A
908.44,18392,-74.0,N/A
908.67,18448,-74.0,N/A
908.91,18546,-74.0,N/A
909.14,18599,-74.0,N/A
909.37,18656,-74.0,N/A
909.61,18715,-74.0,N/A
909.84,18771,-74.0,N/A
910.08,18830,-74.0,N/A
910.31,18892,-74.0,N/A
910.55,18954,-74.0,N/A
910.78,19056,-74.0,N/A
911.02,19113,-74.0,N/A
911.25,19172,-74.0,N/A
911.48,19230,-74.0,N/A
911.72,19284,-74.0,N/A
911.95,19345,-74.0,N/A
912.19,19406,-74.0,N/A
912.42,19467,-74.0,N/A
912.66,19568,-74.0,N/A
912.89,19628,-74.0,N/A
913.12,19684,-74.0,N/A
913.36,19742,-74.0,N/A
913.59,19802,-74.0,N/A
913.83,19863,-74.0,N/A
914.06,19920,-74.0,N/A
914.30,19980,-74.0,N/A
914.53,20083,-74.0,N/A
914.77,20146,-74.0,N/A
915.00,20204,-74.0,N/A
915.23,20264,-74.0,N/A
915.47,20323,-74.0,N/A
915.70,20382,-74.0,N/A
915.94,20441,-74.0,N/A
916.17,20502,-74.0,N/A
916.41,20606,-74.0,N/A
916.64,20666,-74.0,N/A
916.87,20724,-74.0,N/A
917.11,20785,-74.0,N/A
917.34,20845,-74.0,N/A
917.58,20905,-74.0,N/A
917.81,20969,-74.0,N/A
918.05,21035,-74.0,N/A
918.28,21140,-74.0,N/A
918.52,21200,-74.0,N/A
918.75,21266,-74.0,N/A
918.98,21327,-74.0,N/A
919.22,21392,-74.0,N/A
919.45,21455,-74.0,N/A
919.69,21520,-74.0,N/A
919.92,21593,-74.0,N/A
920.16,21697,-74.0,N/A
920.39,21760,-74.0,N/A
920.62,21829,-74.0,N/A
920.86,21895,-74.0,N/A
921.09,21963,-74.0,N/A
921.33,22029,-74.0,N/A
921.56,22096,-74.0,N/A
921.80,22168,-74.0,N/A
922.03,22281,-74.0,N/A
922.27,22346,-74.0,N/A
922.50,22410,-74.0,N/A
922.73,22477,-74.0,N/A
922.97,22548,-74.0,N/A
923.20,22614,-74.0,N/A
923.44,22680,-74.0,N/A
923.67,22745,-74.0,N/A
923.91,22850,-74.0,N/A
924.14,22912,-74.0,N/A
924.37,23016,-74.0,N/A
924.61,23057,-74.0,N/A
924.84,23097,-74.0,N/A
925.08,23141,-74.0,N/A
925.31,23182,-74.0,N/A
925.55,23225,-74.0,N/A
925.78,23311,-74.0,N/A
926.02,23356,-74.0,N/A
926.25,23402,-74.0,N/A
926.48,23445,-74.0,N/A
926.72,23484,-74.0,N/A
926.95,23532,-74.0,N/A
927.19,23578,-74.0,N/A
927.42,23623,-74.0,N/A
927.66,23708,-74.0,N/A
927.89,23752,-74.0,N/A
900.00,23796,-74.0,N/A
900.23,23841,-74.0,N/A
900.47,23884,-74.0,N/A
900.70,23928,-74.0,N/A
900.94,23975,-74.0,N/A
901.17,24020,-74.0,N/A
901.41,24109,-74.0,N/A
901.64,24156,-74.0,N/A
901.87,24199,-74.0,N/A
902.11,24245,-74.0,N/A
902.34,24290,-74.0,N/A
902.58,24336,-74.0,N/A
902.81,24384,-74.0,N/A
903.05,24430,-74.0,N/A
903.28,24517,-74.0,N/A
903.52,24566,-74.0,N/A
903.75,24620,-74.0,N/A
903.98,24666,-74.0,N/A
904.22,24709,-74.0,N/A
904.45,24754,-74.0,N/A
904.69,24802,-74.0,N/A
904.92,24850,-74.0,N/A
905.16,24950,-74.0,N/A
905.39,24998,-74.0,N/A
905.62,25047,-74.0,N/A
905.86,25091,-74.0,N/A
906.09,25137,-74.0,N/A
906.33,25188,-74.0,N/A
906.56,25240,-74.0,N/A
906.80,25287,-74.0,N/A
907.03,25374,-74.0,N/A
907.27,25424,-74.0,N/A
907.50,25471,-74.0,N/A
907.73,25522,-74.0,N/A
907.97,25573,-74.0,N/A
908.20,25622,-74.0,N/A
908.44,25674,-74.0,N/A
908.67,25725,-74.0,N/A
908.91,25821,-74.0,N/A
909.14,25867,-74.0,N/A
909.37,25915,-74.0,N/A
909.61,25968,-74.0,N/A
909.84,26017,-74.0,N/A
910.08,26069,-74.0,N/A
910.31,26125,-74.0,N/A
910.55,26178,-74.0,N/A
910.78,26267,-74.0,N/A
911.02,26318,-74.0,N/A
911.25,26372,-74.0,N/A
911.48,26423,-74.0,N/A
911.72,26470,-74.0,N/A
911.95,26524,-74.0,N/A
912.19,26579,-74.0,N/A
912.42,26633,-74.0,N/A
912.66,26731,-74.0,N/A
912.89,26784,-74.0,N/A
913.12,26835,-74.0,N/A
913.36,26887,-74.0,N/A
913.59,26939,-74.0,N/A
913.83,26993,-74.0,N/A
914.06,27049,-74.0,N/A
914.30,27100,-74.0,N/A
914.53,27190,-74.0,N/A
914.77,27245,-74.0,N/A
915.00,27300,-74.0,N/A
915.23,27351,-74.0,N/A
915.47,27404,-74.0,N/A
915.70,27456,-74.0,N/A
915.94,27508,-74.0,N/A
916.17,27560,-74.0,N/A
916.41,27663,-74.0,N/A
916.64,27716,-74.0,N/A
916.87,27768,-74.0,N/A
917.11,27824,-74.0,N/A
917.34,27877,-74.0,N/A
917.58,27930,-74.0,N/A
917.81,27987,-74.0,N/A
918.05,28044,-74.0,N/A
918.28,28138,-74.0,N/A
918.52,28192,-74.0,N/A
918.75,28254,-74.0,N/A
918.98,28308,-74.0,N/A
919.22,28365,-74.0,N/A
919.45,28423,-74.0,N/A
919.69,28483,-74.0,N/A
919.92,28548,-74.0,N/A
920.16,28651,-74.0,N/A
920.39,28705,-74.0,N/A
920.62,28767,-74.0,N/A
920.86,28826,-74.0,N/A
921.09,28887,-74.0,N/A
921.33,28947,-74.0,N/A
921.56,29006,-74.0,N/A
921.80,29071,-74.0,N/A
922.03,29172,-74.0,N/A
922.27,29227,-74.0,N/A
922.50,29285,-74.0,N/A
922.73,29345,-74.0,N/A
922.97,29408,-74.0,N/A
923.20,29464,-74.0,N/A
923.44,29522,-74.0,N/A
923.67,29583,-74.0,N/A
923.91,29689,-74.0,N/A
924.14,29746,-74.0,N/A
924.37,29807,-74.0,N/A
924.61,29865,-74.0,N/A
924.84,29923,-74.0,N/A
925.08,29986,-74.0,N/A
925.31,30043,-74.0,N/A
925.55,30104,-74.0,N/A
925.78,30201,-74.0,N/A
926.02,30263,-74.0,N/A
926.25,30329,-74.0,N/A
926.48,30388,-74.0,N/A
926.72,30446,-74.0,N/A
926.95,30509,-74.0,N/A
927.19,30575,-74.0,N/A
927.42,30638,-74.0,N/A
927.66,30748,-74.0,N/A
927.89,30809,-74.0,N/A
900.00,30869,-74.0,N/A
900.23,30933,-74.0,N/A
900.47,30993,-74.0,N/A
900.70,31058,-74.0,N/A
900.94,31123,-74.0,N/A
901.17,31189,-74.0,N/A
901.41,31290,-74.0,N/A
901.64,31352,-74.0,N/A
901.87,31414,-74.0,N/A
902.11,31475,-74.0,N/A
902.34,31536,-74.0,N/A
902.58,31598,-74.0,N/A
902.81,31664,-74.0,N/A
903.05,31731,-74.0,N/A
903.28,31847,-74.0,N/A
903.52,31914,-74.0,N/A
903.75,31984,-74.0,N/A
903.98,32047,-74.0,N/A
904.22,32109,-74.0,N/A
904.45,32171,-74.0,N/A
904.69,32239,-74.0,N/A
904.92,32304,-74.0,N/A
905.16,32416,-74.0,N/A
905.39,32482,-74.0,N/A
905.62,32548,-74.0,N/A
905.86,32611,-74.0,N/A
906.09,32673,-74.0,N/A
906.33,32739,-74.0,N/A
906.56,32807,-74.0,N/A
906.80,32871,-74.0,N/A
907.03,32982,-74.0,N/A
907.27,33048,-74.0,N/A
907.50,33117,-74.0,N/A
907.73,33185,-74.0,N/A
907.97,33251,-74.0,N/A
908.20,33332,-74.0,N/A
908.44,33376,-74.0,N/A
908.67,33418,-74.0,N/A
908.91,33502,-74.0,N/A
909.14,33548,-74.0,N/A
909.37,33588,-74.0,N/A
909.61,33632,-74.0,N/A
909.84,33680,-74.0,N/A
910.08,33727,-74.0,N/A
910.31,33769,-74.0,N/A
910.55,33817,-74.0,N/A
910.78,33905,-74.0,N/A
911.02,33949,-74.0,N/A
911.25,33988,-74.0,N/A
911.48,34033,-74.0,N/A
911.72,34080,-74.0,N/A
911.95,34127,-74.0,N/A
912.19,34174,-74.0,N/A
912.42,34222,-74.0,N/A
912.66,34307,-74.0,N/A
912.89,34353,-74.0,N/A
913.12,34400,-74.0,N/A
913.36,34448,-74.0,N/A
913.59,34492,-74.0,N/A
913.83,34536,-74.0,N/A
914.06,34581,-74.0,N/A
914.30,34627,-74.0,N/A
914.53,34717,-74.0,N/A
914.77,34762,-74.0,N/A
915.00,34806,-74.0,N/A
915.23,34850,-74.0,N/A
915.47,34895,-74.0,N/A
915.70,34940,-74.0,N/A
915.94,34991,-74.0,N/A
916.17,35037,-74.0,N/A
916.41,35126,-74.0,N/A
916.64,35174,-74.0,N/A
916.87,35219,-74.0,N/A
917.11,35266,-74.0,N/A
917.34,35315,-74.0,N/A
917.58,35365,-74.0,N/A
917.81,35411,-74.0,N/A
918.05,35459,-74.0,N/A
918.28,35555,-74.0,N/A
918.52,35601,-74.0,N/A
918.75,35651,-74.0,N/A
918.98,35701,-74.0,N/A
919.22,35754,-74.0,N/A
919.45,35810,-74.0,N/A
919.69,35857,-74.0,N/A
919.92,35906,-74.0,N/A
920.16,36006,-74.0,N/A
920.39,36058,-74.0,N/A
920.62,36114,-74.0,N/A
920.86,36165,-74.0,N/A
921.09,36217,-74.0,N/A
921.33,36275,-74.0,N/A
921.56,36326,-74.0,N/A
921.80,36376,-74.0,N/A
922.03,36472,-74.0,N/A
922.27,36525,-74.0,N/A
922.50,36580,-74.0,N/A
922.73,36632,-74.0,N/A
922.97,36684,-74.0,N/A
923.20,36735,-74.0,N/A
923.44,36787,-74.0,N/A
923.67,36839,-74.0,N/A
923.91,36935,-74.0,N/A
924.14,36986,-74.0,N/A
924.37,37037,-74.0,N/A
924.61,37091,-74.0,N/A
924.84,37141,-74.0,N/A
925.08,37194,-74.0,N/A
925.31,37247,-74.0,N/A
925.55,37306,-74.0,N/A
925.78,37406,-74.0,N/A
926.02,37460,-74.0,N/A
926.25,37515,-74.0,N/A
926.48,37565,-74.0,N/A
926.72,37620,-74.0,N/A
926.95,37678,-74.0,N/A
927.19,37733,-74.0,N/A
927.42,37786,-74.0,N/A
927.66,37884,-74.0,N/A
927.89,37939,-74.0,N/A
900.00,37997,-74.0,N/A
900.23,38051,-74.0,N/A
900.47,38106,-74.0,N/A
900.70,38162,-74.0,N/A
900.94,38219,-74.0,N/A
901.17,38272,-74.0,N/A
901.41,38373,-74.0,N/A
901.64,38427,-74.0,N/A
901.87,38483,-74.0,N/A
902.11,38536,-74.0,N/A
902.34,38592,-74.0,N/A
902.58,38652,-74.0,N/A
902.81,38706,-74.0,N/A
903.05,38767,-74.0,N/A
903.28,38869,-74.0,N/A
903.52,38933,-74.0,N/A
903.75,38989,-74.0,N/A
903.98,39043,-74.0,N/A
904.22,39099,-74.0,N/A
904.45,39158,-74.0,N/A
904.69,39214,-74.0,N/A
904.92,39280,-74.0,N/A
905.16,39383,-74.0,N/A
905.39,39441,-74.0,N/A
905.62,39497,-74.0,N/A
905.86,39553,-74.0,N/A
906.09,39615,-74.0,N/A
906.33,39676,-74.0,N/A
906.56,39737,-74.0,N/A
906.80,39799,-74.0,N/A
907.03,39903,-74.0,N/A
907.27,39962,-74.0,N/A
907.50,40025,-74.0,N/A
907.73,40084,-74.0,N/A
907.97,40144,-74.0,N/A
908.20,40205,-74.0,N/A
908.44,40263,-74.0,N/A
908.67,40322,-74.0,N/A
908.91,40431,-74.0,N/A
909.14,40489,-74.0,N/A
909.37,40551,-74.0,N/A
909.61,40615,-74.0,N/A
909.84,40679,-74.0,N/A
910.08,40738,-74.0,N/A
910.31,40802,-74.0,N/A
910.55,40866,-74.0,N/A
910.78,40969,-74.0,N/A
911.02,41031,-74.0,N/A
911.25,41095,-74.0,N/A
911.48,41159,-74.0,N/A
911.72,41221,-74.0,N/A
911.95,41285,-74.0,N/A
912.19,41347,-74.0,N/A
912.42,41413,-74.0,N/A
912.66,41523,-74.0,N/A
912.89,41587,-74.0,N/A
913.12,41648,-74.0,N/A
913.36,41709,-74.0,N/A
913.59,41770,-74.0,N/A
913.83,41835,-74.0,N/A
914.06,41901,-74.0,N/A
914.30,41966,-74.0,N/A
914.53,42071,-74.0,N/A
914.77,42131,-74.0,N/A
915.00,42191,-74.0,N/A
915.23,42252,-74.0,N/A
915.47,42318,-74.0,N/A
915.70,42380,-74.0,N/A
915.94,42443,-74.0,N/A
916.17,42507,-74.0,N/A
916.41,42615,-74.0,N/A
916.64,42679,-74.0,N/A
916.87,42745,-74.0,N/A
917.11,42812,-74.0,N/A
917.34,42874,-74.0,N/A
917.58,42942,-74.0,N/A
917.81,43014,-74.0,N/A
918.05,43079,-74.0,N/A
918.28,43189,-74.0,N/A
918.52,43254,-74.0,N/A
918.75,43324,-74.0,N/A
918.98,43400,-74.0,N/A
919.22,43464,-74.0,N/A
919.45,43530,-74.0,N/A
919.69,43607,-74.0,N/A
919.92,43696,-74.0,N/A
920.16,43786,-74.0,N/A
920.39,43831,-74.0,N/A
920.62,43880,-74.0,N/A
920.86,43923,-74.0,N/A
921.09,43966,-74.0,N/A
921.33,44012,-74.0,N/A
921.56,44059,-74.0,N/A
921.80,44111,-74.0,N/A
922.03,44195,-74.0,N/A
922.27,44240,-74.0,N/A
922.50,44284,-74.0,N/A
922.73,44328,-74.0,N/A
922.97,44371,-74.0,N/A
923.20,44418,-74.0,N/A
923.44,44465,-74.0,N/A
923.67,44511,-74.0,N/A
923.91,44601,-74.0,N/A
924.14,44645,-74.0,N/A
924.37,44690,-74.0,N/A
924.61,44736,-74.0,N/A
924.84,44787,-74.0,N/A
925.08,44836,-74.0,N/A
925.31,44884,-74.0,N/A
925.55,44933,-74.0,N/A
925.78,45019,-74.0,N/A
926.02,45066,-74.0,N/A
926.25,45116,-74.0,N/A
926.48,45165,-74.0,N/A
926.72,45211,-74.0,N/A
926.95,45265,-74.0,N/A
927.19,45314,-74.0,N/A
927.42,45365,-74.0,N/A
927.66,45459,-74.0,N/A
927.89,45506,-74.0,N/A
900.00,45555,-74.0,N/A
900.23,45604,-74.0,N/A
900.47,45653,-74.0,N/A
900.70,45700,-74.0,N/A
900.94,45750,-74.0,N/A
901.17,45800,-74.0,N/A
901.41,45892,-74.0,N/A
901.64,45939,-74.0,N/A
901.87,45985,-74.0,N/A
902.11,46037,-74.0,N/A
902.34,46088,-74.0,N/A
902.58,46142,-74.0,N/A
902.81,46193,-74.0,N/A
903.05,46246,-74.0,N/A
903.28,46348,-74.0,N/A
903.52,46396,-74.0,N/A
903.75,46443,-74.0,N/A
903.98,46491,-74.0,N/A
904.22,46544,-74.0,N/A
904.45,46597,-74.0,N/A
904.69,46655,-74.0,N/A
904.92,46711,-74.0,N/A
905.16,46805,-74.0,N/A
905.39,46853,-74.0,N/A
905.62,46902,-74.0,N/A
905.86,46954,-74.0,N/A
906.09,47006,-74.0,N/A
906.33,47057,-74.0,N/A
906.56,47112,-74.0,N/A
906.80,47165,-74.0,N/A
907.03,47266,-74.0,N/A
907.27,47320,-74.0,N/A
907.50,47369,-74.0,N/A
907.73,47423,-74.0,N/A
907.97,47476,-74.0,N/A
908.20,47529,-74.0,N/A
908.44,47583,-74.0,N/A
908.67,47641,-74.0,N/A
908.91,47735,-74.0,N/A
909.14,47789,-74.0,N/A
909.37,47846,-74.0,N/A
909.61,47903,-74.0,N/A
909.84,47958,-74.0,N/A
910.08,48013,-74.0,N/A
910.31,48069,-74.0,N/A
910.55,48121,-74.0,N/A
910.78,48223,-74.0,N/A
911.02,48281,-74.0,N/A
911.25,48337,-74.0,N/A
911.48,48393,-74.0,N/A
911.72,48451,-74.0,N/A
911.95,48505,-74.0,N/A
912.19,48564,-74.0,N/A
912.42,48620,-74.0,N/A
912.66,48722,-74.0,N/A
912.89,48778,-74.0,N/A
913.12,48831,-74.0,N/A
913.36,48883,-74.0,N/A
913.59,48940,-74.0,N/A
913.83,48998,-74.0,N/A
914.06,49054,-74.0,N/A
914.30,49112,-74.0,N/A
914.53,49204,-74.0,N/A
914.77,49257,-74.0,N/A
915.00,49314,-74.0,N/A
915.23,49370,-74.0,N/A
915.47,49425,-74.0,N/A
915.70,49481,-74.0,N/A
915.94,49536,-74.0,N/A
916.17,49595,-74.0,N/A
916.41,49697,-74.0,N/A
916.64,49757,-74.0,N/A
916.87,49814,-74.0,N/A
917.11,49870,-74.0,N/A
917.34,49935,-74.0,N/A
917.58,49991,-74.0,N/A
917.81,50050,-74.0,N/A
918.05,50112,-74.0,N/A
918.28,50212,-74.0,N/A
918.52,50279,-74.0,N/A
918.75,50334,-74.0,N/A
918.98,50391,-74.0,N/A
919.22,50457,-74.0,N/A
919.45,50523,-74.0,N/A
919.69,50586,-74.0,N/A
919.92,50649,-74.0,N/A
920.16,50760,-74.0,N/A
920.39,50819,-74.0,N/A
920.62,50879,-74.0,N/A
920.86,50941,-74.0,N/A
921.09,51005,-74.0,N/A
921.33,51072,-74.0,N/A
921.56,51132,-74.0,N/A
921.80,51196,-74.0,N/A
922.03,51296,-74.0,N/A
922.27,51357,-74.0,N/A
922.50,51417,-74.0,N/A
922.73,51481,-74.0,N/A
922.97,51544,-74.0,N/A
923.20,51608,-74.0,N/A
923.44,51672,-74.0,N/A
923.67,51734,-74.0,N/A
923.91,51840,-74.0,N/A
924.14,51904,-74.0,N/A
924.37,51969,-74.0,N/A
924.61,52038,-74.0,N/A
924.84,52103,-74.0,N/A
925.08,52169,-74.0,N/A
925.31,52231,-74.0,N/A
925.55,52296,-74.0,N/A
925.78,52403,-74.0,N/A
926.02,52468,-74.0,N/A
926.25,52530,-74.0,N/A
926.48,52602,-74.0,N/A
926.72,52668,-74.0,N/A
926.95,52735,-74.0,N/A
927.19,52803,-74.0,N/A
927.42,52869,-74.0,N/A
927.66,52980,-74.0,N/A
927.89,53047,-74.0,N/A
900.00,53113,-74.0,N/A
900.23,53180,-74.0,N/A
900.47,53246,-74.0,N/A
900.70,53312,-74.0,N/A
900.94,53377,-74.0,N/A
901.17,53444,-74.0,N/A
901.41,53548,-74.0,N/A
901.64,53616,-74.0,N/A
901.87,53685,-74.0,N/A
902.11,53756,-74.0,N/A
902.34,53824,-74.0,N/A
902.58,53893,-74.0,N/A
902.81,53968,-74.0,N/A
903.05,54037,-74.0,N/A
903.28,54147,-74.0,N/A
903.52,54250,-74.0,N/A
903.75,54291,-74.0,N/A
903.98,54340,-74.0,N/A
904.22,54385,-74.0,N/A
904.45,54429,-74.0,N/A
904.69,54471,-74.0,N/A
904.92,54515,-74.0,N/A
905.16,54601,-74.0,N/A
905.39,54646,-74.0,N/A
905.62,54690,-74.0,N/A
905.86,54743,-74.0,N/A
906.09,54791,-74.0,N/A
906.33,54836,-74.0,N/A
906.56,54886,-74.0,N/A
906.80,54933,-74.0,N/A
907.03,55023,-74.0,N/A
907.27,55069,-74.0,N/A
907.50,55115,-74.0,N/A
907.73,55159,-74.0,N/A
907.97,55203,-74.0,N/A
908.20,55252,-74.0,N/A
908.44,55299,-74.0,N/A
908.67,55347,-74.0,N/A
908.91,55436,-74.0,N/A
909.14,55484,-74.0,N/A
909.37,55530,-74.0,N/A
909.61,55577,-74.0,N/A
909.84,55622,-74.0,N/A
910.08,55668,-74.0,N/A
910.31,55719,-74.0,N/A
910.55,55771,-74.0,N/A
910.78,55866,-74.0,N/A
911.02,55914,-74.0,N/A
911.25,55965,-74.0,N/A
911.48,56014,-74.0,N/A
911.72,56064,-74.0,N/A
911.95,56113,-74.0,N/A
912.19,56164,-74.0,N/A
912.42,56214,-74.0,N/A
912.66,56305,-74.0,N/A
912.89,56350,-74.0,N/A
913.12,56401,-74.0,N/A
913.36,56450,-74.0,N/A
913.59,56501,-74.0,N/A
913.83,56553,-74.0,N/A
914.06,56599,-74.0,N/A
914.30,56648,-74.0,N/A
914.53,56745,-74.0,N/A
914.77,56794,-74.0,N/A
915.00,56844,-74.0,N/A
915.23,56893,-74.0,N/A
915.47,56940,-74.0,N/A
915.70,56990,-74.0,N/A
915.94,57044,-74.0,N/A
916.17,57097,-74.0,N/A
916.41,57185,-74.0,N/A
916.64,57233,-74.0,N/A
916.87,57290,-74.0,N/A
917.11,57339,-74.0,N/A
917.34,57391,-74.0,N/A
917.58,57445,-74.0,N/A
917.81,57504,-74.0,N/A
918.05,57567,-74.0,N/A
918.28,57660,-74.0,N/A
918.52,57716,-74.0,N/A
918.75,57777,-74.0,N/A
918.98,57828,-74.0,N/A
919.22,57881,-74.0,N/A
919.45,57940,-74.0,N/A
919.69,57994,-74.0,N/A
919.92,58047,-74.0,N/A
920.16,58144,-74.0,N/A
920.39,58201,-74.0,N/A
920.62,58259,-74.0,N/A
920.86,58313,-74.0,N/A
921.09,58369,-74.0,N/A
921.33,58422,-74.0,N/A
921.56,58477,-74.0,N/A
921.80,58530,-74.0,N/A
922.03,58626,-74.0,N/A
922.27,58681,-74.0,N/A
922.50,58737,-74.0,N/A
922.73,58794,-74.0,N/A
922.97,58848,-74.0,N/A
923.20,58902,-74.0,N/A
923.44,58959,-74.0,N/A
923.67,59020,-74.0,N/A
923.91,59122,-74.0,N/A
924.14,59180,-74.0,N/A
924.37,59236,-74.0,N/A
924.61,59287,-74.0,N/A
924.84,59343,-74.0,N/A
925.08,59405,-74.0,N/A
925.31,59463,-74.0,N/A
925.55,59521,-74.0,N/A
925.78,59628,-74.0,N/A
926.02,59687,-74.0,N/A
926.25,59748,-74.0,N/A
926.48,59808,-74.0,N/A
926.72,59864,-74.0,N/A
926.95,59921,-74.0,N/A
927.19,59981,-74.0,N/A
927.42,60041,-74.0,N/A
927.66,60140,-74.0,N/A
927.89,60197,-74.0,N/A
900.00,60252,-74.0,N/A
900.23,60311,-74.0,N/A
900.47,60370,-74.0,N/A
900.70,60429,-74.0,N/A
900.94,60491,-74.0,N/A
901.17,60552,-74.0,N/A
901.41,60656,-74.0,N/A
901.64,60716,-74.0,N/A
901.87,60776,-74.0,N/A
902.11,60843,-74.0,N/A
902.34,60901,-74.0,N/A
902.58,60958,-74.0,N/A
902.81,61021,-74.0,N/A
903.05,61082,-74.0,N/A
903.28,61189,-74.0,N/A
903.52,61250,-74.0,N/A
903.75,61310,-74.0,N/A
903.98,61369,-74.0,N/A
904.22,61428,-74.0,N/A
904.45,61491,-74.0,N/A
904.69,61554,-74.0,N/A
904.92,61614,-74.0,N/A
905.16,61722,-74.0,N/A
905.39,61786,-74.0,N/A
905.62,61848,-74.0,N/A
905.86,61913,-74.0,N/A
906.09,61978,-74.0,N/A
906.33,62040,-74.0,N/A
906.56,62105,-74.0,N/A
906.80,62168,-74.0,N/A
907.03,62269,-74.0,N/A
907.27,62334,-74.0,N/A
907.50,62399,-74.0,N/A
907.73,62461,-74.0,N/A
907.97,62525,-74.0,N/A
908.20,62593,-74.0,N/A
908.44,62659,-74.0,N/A
908.67,62722,-74.0,N/A
908.91,62828,-74.0,N/A
909.14,62891,-74.0,N/A
909.37,62957,-74.0,N/A
909.61,63018,-74.0,N/A
909.84,63085,-74.0,N/A
910.08,63153,-74.0,N/A
910.31,63220,-74.0,N/A
910.55,63287,-74.0,N/A
910.78,63396,-74.0,N/A
911.02,63459,-74.0,N/A
911.25,63525,-74.0,N/A
911.48,63591,-74.0,N/A
911.72,63659,-74.0,N/A
911.95,63725,-74.0,N/A
912.19,63792,-74.0,N/A
912.42,63859,-74.0,N/A
912.66,63967,-74.0,N/A
912.89,64035,-74.0,N/A
913.12,64102,-74.0,N/A
913.36,64171,-74.0,N/A
913.59,64234,-74.0,N/A
913.83,64297,-74.0,N/A
914.06,64366,-74.0,N/A
914.30,64432,-74.0,N/A
914.53,64540,-74.0,N/A
914.77,64607,-74.0,N/A
915.00,64674,-74.0,N/A
915.23,64739,-74.0,N/A
915.47,64825,-74.0,N/A
915.70,64866,-74.0,N/A
915.94,64909,-74.0,N/A
916.17,64961,-74.0,N/A
916.41,65045,-74.0,N/A
916.64,65090,-74.0,N/A
916.87,65135,-74.0,N/A
917.11,65183,-74.0,N/A
917.34,65235,-74.0,N/A
917.58,65278,-74.0,N/A
917.81,65329,-74.0,N/A
918.05,65383,-74.0,N/A
918.28,65469,-74.0,N/A
918.52,65517,-74.0,N/A
918.75,65569,-74.0,N/A
918.98,65614,-74.0,N/A
919.22,65659,-74.0,N/A
919.45,65707,-74.0,N/A
919.69,65757,-74.0,N/A
919.92,65811,-74.0,N/A
920.16,65897,-74.0,N/A
920.39,65945,-74.0,N/A
920.62,65989,-74.0,N/A
920.86,66036,-74.0,N/A
921.09,66082,-74.0,N/A
921.33,66130,-74.0,N/A
921.56,66180,-74.0,N/A
921.80,66228,-74.0,N/A
922.03,66321,-74.0,N/A
922.27,66368,-74.0,N/A
922.50,66415,-74.0,N/A
922.73,66468,-74.0,N/A
922.97,66523,-74.0,N/A
923.20,66571,-74.0,N/A
923.44,66623,-74.0,N/A
923.67,66671,-74.0,N/A
923.91,66761,-74.0,N/A
924.14,66813,-74.0,N/A
924.37,66861,-74.0,N/A
924.61,66910,-74.0,N/A
924.84,66968,-74.0,N/A
925.08,67017,-74.0,N/A
925.31,67071,-74.0,N/A
925.55,67123,-74.0,N/A
925.78,67217,-74.0,N/A
926.02,67268,-74.0,N/A
926.25,67319,-74.0,N/A
926.48,67371,-74.0,N/A
926.72,67423,-74.0,N/A
926.95,67475,-74.0,N/A
927.19,67527,-74.0,N/A
927.42,67579,-74.0,N/A
927.66,67671,-74.0,N/A
927.89,67722,-74.0,N/A
900.00,67776,-74.0,N/A
900.23,67827,-74.0,N/A
900.47,67882,-74.0,N/A
900.70,67937,-74.0,N/A
900.94,67992,-74.0,N/A
901.17,68052,-74.0,N/A
901.41,68148,-74.0,N/A
901.64,68200,-74.0,N/A
901.87,68254,-74.0,N/A
902.11,68307,-74.0,N/A
902.34,68367,-74.0,N/A
902.58,68422,-74.0,N/A
902.81,68476,-74.0,N/A
903.05,68529,-74.0,N/A
903.28,68620,-74.0,N/A
903.52,68674,-74.0,N/A
903.75,68728,-74.0,N/A
903.98,68780,-74.0,N/A
904.22,68840,-74.0,N/A
904.45,68898,-74.0,N/A
904.69,68954,-74.0,N/A
904.92,69012,-74.0,N/A
905.16,69115,-74.0,N/A
905.39,69169,-74.0,N/A
905.62,69225,-74.0,N/A
905.86,69280,-74.0,N/A
906.09,69332,-74.0,N/A
906.33,69387,-74.0,N/A
906.56,69446,-74.0,N/A
906.80,69501,-74.0,N/A
907.03,69597,-74.0,N/A
907.27,69657,-74.0,N/A
907.50,69714,-74.0,N/A
907.73,69770,-74.0,N/A
907.97,69829,-74.0,N/A
908.20,69887,-74.0,N/A
908.44,69946,-74.0,N/A
908.67,70000,-74.0,N/A
908.91,70103,-74.0,N/A
909.14,70163,-74.0,N/A
909.37,70221,-74.0,N/A
909.61,70279,-74.0,N/A
909.84,70339,-74.0,N/A
910.08,70397,-74.0,N/A
910.31,70458,-74.0,N/A
910.55,70518,-74.0,N/A
910.78,70618,-74.0,N/A
911.02,70675,-74.0,N/A
911.25,70731,-74.0,N/A
911.48,70785,-74.0,N/A
911.72,70845,-74.0,N/A
911.95,70906,-74.0,N/A
912.19,70966,-74.0,N/A
912.42,71026,-74.0,N/A
912.66,71131,-74.0,N/A
912.89,71187,-74.0,N/A
913.12,71246,-74.0,N/A
913.36,71308,-74.0,N/A
913.59,71368,-74.0,N/A
913.83,71429,-74.0,N/A
914.06,71490,-74.0,N/A
914.30,71549,-74.0,N/A
914.53,71651,-74.0,N/A
914.77,71714,-74.0,N/A
915.00,71770,-74.0,N/A
915.23,71829,-74.0,N/A
915.47,71895,-74.0,N/A
915.70,71956,-74.0,N/A
915.94,72020,-74.0,N/A
916.17,72084,-74.0,N/A
916.41,72193,-74.0,N/A
916.64,72265,-74.0,N/A
916.87,72326,-74.0,N/A
917.11,72392,-74.0,N/A
917.34,72462,-74.0,N/A
917.58,72525,-74.0,N/A
917.81,72591,-74.0,N/A
918.05,72658,-74.0,N/A
918.28,72763,-74.0,N/A
918.52,72825,-74.0,N/A
918.75,72887,-74.0,N/A
918.98,72953,-74.0,N/A
919.22,73023,-74.0,N/A
919.45,73086,-74.0,N/A
919.69,73151,-74.0,N/A
919.92,73214,-74.0,N/A
920.16,73321,-74.0,N/A
920.39,73383,-74.0,N/A
920.62,73451,-74.0,N/A
920.86,73516,-74.0,N/A
921.09,73581,-74.0,N/A
921.33,73646,-74.0,N/A
921.56,73710,-74.0,N/A
921.80,73775,-74.0,N/A
922.03,73885,-74.0,N/A
922.27,73956,-74.0,N/A
922.50,74023,-74.0,N/A
922.73,74091,-74.0,N/A
922.97,74155,-74.0,N/A
923.20,74220,-74.0,N/A
923.44,74291,-74.0,N/A
923.67,74359,-74.0,N/A
923.91,74469,-74.0,N/A
924.14,74540,-74.0,N/A
924.37,74606,-74.0,N/A
924.61,74674,-74.0,N/A
924.84,74743,-74.0,N/A
925.08,74809,-74.0,N/A
925.31,74876,-74.0,N/A
925.55,74944,-74.0,N/A
925.78,75057,-74.0,N/A
926.02,75124,-74.0,N/A
926.25,75190,-74.0,N/A
926.48,75257,-74.0,N/A
926.72,75324,-74.0,N/A
926.95,75391,-74.0,N/A
927.19,75477,-74.0,N/A
927.42,75525,-74.0,N/A
927.66,75616,-74.0,N/A
927.89,75660,-74.0,N/A
900.00,75711,-74.0,N/A
900.23,75756,-74.0,N/A
900.47,75799,-74.0,N/A
900.70,75846,-74.0,N/A
900.94,75891,-74.0,N/A
901.17,75944,-74.0,N/A
901.41,76036,-74.0,N/A
901.64,76081,-74.0,N/A
901.87,76126,-74.0,N/A
902.11,76171,-74.0,N/A
902.34,76220,-74.0,N/A
902.58,76267,-74.0,N/A
902.81,76313,-74.0,N/A
903.05,76364,-74.0,N/A
903.28,76456,-74.0,N/A
903.52,76501,-74.0,N/A
903.75,76549,-74.0,N/A
903.98,76598,-74.0,N/A
904.22,76646,-74.0,N/A
904.45,76696,-74.0,N/A
904.69,76745,-74.0,N/A
904.92,76791,-74.0,N/A
905.16,76882,-74.0,N/A
905.39,76932,-74.0,N/A
905.62,76977,-74.0,N/A
905.86,77024,-74.0,N/A
906.09,77078,-74.0,N/A
906.33,77128,-74.0,N/A
906.56,77178,-74.0,N/A
906.80,77229,-74.0,N/A
907.03,77322,-74.0,N/A
907.27,77372,-74.0,N/A
907.50,77419,-74.0,N/A
907.73,77469,-74.0,N/A
907.97,77522,-74.0,N/A
908.20,77572,-74.0,N/A
908.44,77623,-74.0,N/A
908.67,77675,-74.0,N/A
908.91,77767,-74.0,N/A
909.14,77820,-74.0,N/A
909.37,77871,-74.0,N/A
909.61,77924,-74.0,N/A
909.84,77976,-74.0,N/A
910.08,78027,-74.0,N/A
910.31,78076,-74.0,N/A
910.55,78131,-74.0,N/A
910.78,78227,-74.0,N/A
911.02,78277,-74.0,N/A
911.25,78328,-74.0,N/A
911.48,78381,-74.0,N/A
911.72,78429,-74.0,N/A
911.95,78479,-74.0,N/A
912.19,78532,-74.0,N/A
912.42,78585,-74.0,N/A
912.66,78683,-74.0,N/A
912.89,78733,-74.0,N/A
913.12,78781,-74.0,N/A
913.36,78835,-74.0,N/A
913.59,78888,-74.0,N/A
913.83,78938,-74.0,N/A
914.06,78993,-74.0,N/A
914.30,79053,-74.0,N/A
914.53,79150,-74.0,N/A
914.77,79203,-74.0,N/A
915.00,79258,-74.0,N/A
915.23,79316,-74.0,N/A
915.47,79381,-74.0,N/A
915.70,79436,-74.0,N/A
915.94,79489,-74.0,N/A
916.17,79548,-74.0,N/A
916.41,79655,-74.0,N/A
916.64,79712,-74.0,N/A
916.87,79768,-74.0,N/A
917.11,79829,-74.0,N/A
917.34,79885,-74.0,N/A
917.58,79940,-74.0,N/A
917.81,79999,-74.0,N/A
918.05,80057,-74.0,N/A
918.28,80162,-74.0,N/A
918.52,80218,-74.0,N/A
918.75,80274,-74.0,N/A
918.98,80328,-74.0,N/A
919.22,80384,-74.0,N/A
919.45,80439,-74.0,N/A
919.69,80498,-74.0,N/A
919.92,80558,-74.0,N/A
920.16,80661,-74.0,N/A
920.39,80716,-74.0,N/A
920.62,80774,-74.0,N/A
920.86,80832,-74.0,N/A
921.09,80891,-74.0,N/A
921.33,80956,-74.0,N/A
921.56,81016,-74.0,N/A
921.80,81077,-74.0,N/A
922.03,81179,-74.0,N/A
922.27,81237,-74.0,N/A
922.50,81300,-74.0,N/A
922.73,81359,-74.0,N/A
922.97,81418,-74.0,N/A
923.20,81483,-74.0,N/A
923.44,81544,-74.0,N/A
923.67,81606,-74.0,N/A
923.91,81712,-74.0,N/A
924.14,81773,-74.0,N/A
924.37,81832,-74.0,N/A
924.61,81891,-74.0,N/A
924.84,81951,-74.0,N/A
925.08,82011,-74.0,N/A
925.31,82069,-74.0,N/A
925.55,82131,-74.0,N/A
925.78,82234,-74.0,N/A
926.02,82296,-74.0,N/A
926.25,82354,-74.0,N/A
926.48,82418,-74.0,N/A
926.72,82482,-74.0,N/A
926.95,82545,-74.0,N/A
927.19,82614,-74.0,N/A
927.42,82676,-74.0,N/A
927.66,82781,-74.0,N/A
927.89,82845,-74.0,N/A
900.00,82905,-74.0,N/A
900.23,82973,-74.0,N/A
900.47,83037,-74.0,N/A
900.70,83100,-74.0,N/A
900.94,83160,-74.0,N/A
901.17,83223,-74.0,N/A
901.41,83332,-74.0,N/A
901.64,83393,-74.0,N/A
901.87,83462,-74.0,N/A
902.11,83527,-74.0,N/A
902.34,83588,-74.0,N/A
902.58,83653,-74.0,N/A
902.81,83719,-74.0,N/A
903.05,83783,-74.0,N/A
903.28,83892,-74.0,N/A
903.52,83958,-74.0,N/A
903.75,84018,-74.0,N/A
903.98,84084,-74.0,N/A
904.22,84152,-74.0,N/A
904.45,84217,-74.0,N/A
904.69,84283,-74.0,N/A
904.92,84351,-74.0,N/A
905.16,84461,-74.0,N/A
905.39,84524,-74.0,N/A
905.62,84591,-74.0,N/A
905.86,84659,-74.0,N/A
906.09,84726,-74.0,N/A
906.33,84789,-74.0,N/A
906.56,84858,-74.0,N/A
906.80,84929,-74.0,N/A
907.03,85043,-74.0,N/A
907.27,85109,-74.0,N/A
907.50,85178,-74.0,N/A
907.73,85244,-74.0,N/A
907.97,85311,-74.0,N/A
908.20,85379,-74.0,N/A
908.44,85452,-74.0,N/A
908.67,85520,-74.0,N/A
908.91,85630,-74.0,N/A
909.14,85696,-74.0,N/A
909.37,85763,-74.0,N/A
909.61,85832,-74.0,N/A
909.84,85897,-74.0,N/A
910.08,85965,-74.0,N/A
910.31,86033,-74.0,N/A
910.55,86097,-74.0,N/A
910.78,86209,-74.0,N/A
911.02,86294,-74.0,N/A
911.25,86339,-74.0,N/A
911.48,86381,-74.0,N/A
911.72,86425,-74.0,N/A
911.95,86473,-74.0,N/A
912.19,86519,-74.0,N/A
912.42,86563,-74.0,N/A
912.66,86653,-74.0,N/A
912.89,86702,-74.0,N/A
913.12,86745,-74.0,N/A
913.36,86793,-74.0,N/A
913.59,86840,-74.0,N/A
913.83,86892,-74.0,N/A
914.06,86951,-74.0,N/A
914.30,86999,-74.0,N/A
914.53,87090,-74.0,N/A
914.77,87140,-74.0,N/A
915.00,87194,-74.0,N/A
915.23,87242,-74.0,N/A
915.47,87291,-74.0,N/A
915.70,87346,-74.0,N/A
915.94,87394,-74.0,N/A
916.17,87442,-74.0,N/A
916.41,87536,-74.0,N/A
916.64,87587,-74.0,N/A
916.87,87640,-74.0,N/A
917.11,87690,-74.0,N/A
917.34,87737,-74.0,N/A
917.58,87785,-74.0,N/A
917.81,87835,-74.0,N/A
918.05,87882,-74.0,N/A
918.28,87978,-74.0,N/A
918.52,88028,-74.0,N/A
918.75,88077,-74.0,N/A
918.98,88126,-74.0,N/A
919.22,88176,-74.0,N/A
919.45,88225,-74.0,N/A
919.69,88280,-74.0,N/A
919.92,88337,-74.0,N/A
920.16,88432,-74.0,N/A
920.39,88482,-74.0,N/A
920.62,88528,-74.0,N/A
920.86,88580,-74.0,N/A
921.09,88635,-74.0,N/A
921.33,88687,-74.0,N/A
921.56,88739,-74.0,N/A
921.80,88798,-74.0,N/A
922.03,88894,-74.0,N/A
922.27,88947,-74.0,N/A
922.50,89000,-74.0,N/A
922.73,89051,-74.0,N/A
922.97,89103,-74.0,N/A
923.20,89157,-74.0,N/A
923.44,89210,-74.0,N/A
923.67,89261,-74.0,N/A
923.91,89356,-74.0,N/A
924.14,89408,-74.0,N/A
924.37,89458,-74.0,N/A
924.61,89511,-74.0,N/A
924.84,89565,-74.0,N/A
925.08,89620,-74.0,N/A
925.31,89677,-74.0,N/A
925.55,89733,-74.0,N/A
925.78,89842,-74.0,N/A
926.02,89893,-74.0,N/A
926.25,89942,-74.0,N/A
926.48,89997,-74.0,N/A
926.72,90050,-74.0,N/A
926.95,90112,-74.0,N/A
927.19,90169,-74.0,N/A
927.42,90225,-74.0,N/A
927.66,90323,-74.0,N/A
927.89,90376,-74.0,N/A
900.00,90432,-74.0,N/A
900.23,90488,-74.0,N/A
900.47,90548,-74.0,N/A
900.70,90606,-74.0,N/A
900.94,90663,-74.0,N/A
901.17,90721,-74.0,N/A
901.41,90822,-74.0,N/A
901.64,90877,-74.0,N/A
901.87,90933,-74.0,N/A
902.11,90990,-74.0,N/A
902.34,91045,-74.0,N/A
902.58,91104,-74.0,N/A
902.81,91166,-74.0,N/A
903.05,91222,-74.0,N/A
903.28,91325,-74.0,N/A
903.52,91382,-74.0,N/A
903.75,91442,-74.0,N/A
903.98,91499,-74.0,N/A
904.22,91558,-74.0,N/A
904.45,91616,-74.0,N/A
904.69,91675,-74.0,N/A
904.92,91730,-74.0,N/A
905.16,91840,-74.0,N/A
905.39,91900,-74.0,N/A
905.62,91960,-74.0,N/A
905.86,92020,-74.0,N/A
906.09,92080,-74.0,N/A
906.33,92141,-74.0,N/A
906.56,92201,-74.0,N/A
906.80,92264,-74.0,N/A
907.03,92369,-74.0,N/A
907.27,92427,-74.0,N/A
907.50,92484,-74.0,N/A
907.73,92546,-74.0,N/A
907.97,92609,-74.0,N/A
908.20,92666,-74.0,N/A
908.44,92729,-74.0,N/A
908.67,92788,-74.0,N/A
908.91,92888,-74.0,N/A
909.14,92949,-74.0,N/A
909.37,93007,-74.0,N/A
909.61,93069,-74.0,N/A
909.84,93129,-74.0,N/A
910.08,93188,-74.0,N/A
910.31,93251,-74.0,N/A
910.55,93314,-74.0,N/A
910.78,93418,-74.0,N/A
911.02,93476,-74.0,N/A
911.25,93542,-74.0,N/A
911.48,93604,-74.0,N/A
911.72,93666,-74.0,N/A
911.95,93730,-74.0,N/A
912.19,93797,-74.0,N/A
912.42,93871,-74.0,N/A
912.66,93981,-74.0,N/A
912.89,94041,-74.0,N/A
913.12,94108,-74.0,N/A
913.36,94178,-74.0,N/A
913.59,94240,-74.0,N/A
913.83,94307,-74.0,N/A
914.06,94376,-74.0,N/A
914.30,94440,-74.0,N/A
914.53,94549,-74.0,N/A
914.77,94614,-74.0,N/A
915.00,94681,-74.0,N/A
915.23,94752,-74.0,N/A
915.47,94816,-74.0,N/A
915.70,94881,-74.0,N/A
915.94,94945,-74.0,N/A
916.17,95011,-74.0,N/A
916.41,95118,-74.0,N/A
916.64,95185,-74.0,N/A
916.87,95251,-74.0,N/A
917.11,95316,-74.0,N/A
917.34,95384,-74.0,N/A
917.58,95450,-74.0,N/A
917.81,95518,-74.0,N/A
918.05,95586,-74.0,N/A
918.28,95702,-74.0,N/A
918.52,95772,-74.0,N/A
918.75,95838,-74.0,N/A
918.98,95907,-74.0,N/A
919.22,95972,-74.0,N/A
919.45,96038,-74.0,N/A
919.69,96110,-74.0,N/A
919.92,96177,-74.0,N/A
920.16,96290,-74.0,N/A
920.39,96364,-74.0,N/A
920.62,96431,-74.0,N/A
920.86,96502,-74.0,N/A
921.09,96573,-74.0,N/A
921.33,96641,-74.0,N/A
921.56,96711,-74.0,N/A
921.80,96781,-74.0,N/A
922.03,96897,-74.0,N/A
922.27,96965,-74.0,N/A
922.50,97030,-74.0,N/A
922.73,97112,-74.0,N/A
922.97,97159,-74.0,N/A
923.20,97201,-74.0,N/A
923.44,97249,-74.0,N/A
923.67,97298,-74.0,N/A
923.91,97389,-74.0,N/A
924.14,97443,-74.0,N/A
924.37,97489,-74.0,N/A
924.61,97531,-74.0,N/A
924.84,97577,-74.0,N/A
925.08,97623,-74.0,N/A
925.31,97677,-74.0,N/A
925.55,97726,-74.0,N/A
925.78,97819,-74.0,N/A
926.02,97863,-74.0,N/A
926.25,97907,-74.0,N/A
926.48,97953,-74.0,N/A
926.72,97999,-74.0,N/A
926.95,98053,-74.0,N/A
927.19,98102,-74.0,N/A
927.42,98151,-74.0,N/A
927.66,98243,-74.0,N/A
927.89,98290,-74.0,N/A
900.00,98338,-74.0,N/A
900.23,98388,-74.0,N/A
900.47,98438,-74.0,N/A
900.70,98484,-74.0,N/A
900.94,98535,-74.0,N/A
901.17,98588,-74.0,N/A
901.41,98682,-74.0,N/A
901.64,98729,-74.0,N/A
901.87,98782,-74.0,N/A
902.11,98834,-74.0,N/A
902.34,98883,-74.0,N/A
902.58,98934,-74.0,N/A
902.81,98983,-74.0,N/A
903.05,99035,-74.0,N/A
903.28,99126,-74.0,N/A
903.52,99178,-74.0,N/A
903.75,99230,-74.0,N/A
903.98,99281,-74.0,N/A
904.22,99333,-74.0,N/A
904.45,99385,-74.0,N/A
904.69,99438,-74.0,N/A
904.92,99489,-74.0,N/A
905.16,99587,-74.0,N/A
905.39,99637,-74.0,N/A
905.62,99686,-74.0,N/A
905.86,99736,-74.0,N/A
906.09,99788,-74.0,N/A
906.33,99841,-74.0,N/A
906.56,99891,-74.0,N/A
906.80,99945,-74.0,N/A
907.03,100046,-74.0,N/A
907.27,100095,-74.0,N/A
907.50,100149,-74.0,N/A
907.73,100200,-74.0,N/A
907.97,100253,-74.0,N/A
908.20,100305,-74.0,N/A
908.44,100357,-74.0,N/A
908.67,100413,-74.0,N/A
908.91,100508,-74.0,N/A
909.14,100559,-74.0,N/A
909.37,100621,-74.0,N/A
909.61,100675,-74.0,N/A
909.84,100729,-74.0,N/A
910.08,100786,-74.0,N/A
910.31,100846,-74.0,N/A
910.55,100913,-74.0,N/A
910.78,101012,-74.0,N/A
911.02,101065,-74.0,N/A
911.25,101123,-74.0,N/A
911.48,101185,-74.0,N/A
911.72,101242,-74.0,N/A
911.95,101300,-74.0,N/A
912.19,101362,-74.0,N/A
912.42,101418,-74.0,N/A
912.66,101514,-74.0,N/A
912.89,101571,-74.0,N/A
913.12,101630,-74.0,N/A
913.36,101691,-74.0,N/A
913.59,101747,-74.0,N/A
913.83,101802,-74.0,N/A
914.06,101858,-74.0,N/A
914.30,101915,-74.0,N/A
914.53,102018,-74.0,N/A
914.77,102076,-74.0,N/A
915.00,102134,-74.0,N/A
915.23,102190,-74.0,N/A
915.47,102250,-74.0,N/A
915.70,102307,-74.0,N/A
915.94,102364,-74.0,N/A
916.17,102421,-74.0,N/A
916.41,102523,-74.0,N/A
916.64,102588,-74.0,N/A
916.87,102648,-74.0,N/A
917.11,102709,-74.0,N/A
917.34,102766,-74.0,N/A
917.58,102825,-74.0,N/A
917.81,102890,-74.0,N/A
918.05,102950,-74.0,N/A
918.28,103056,-74.0,N/A
918.52,103119,-74.0,N/A
918.75,103179,-74.0,N/A
918.98,103243,-74.0,N/A
919.22,103305,-74.0,N/A
919.45,103365,-74.0,N/A
919.69,103426,-74.0,N/A
919.92,103487,-74.0,N/A
920.16,103593,-74.0,N/A
920.39,103653,-74.0,N/A
920.62,103714,-74.0,N/A
920.86,103777,-74.0,N/A
921.09,103836,-74.0,N/A
921.33,103901,-74.0,N/A
921.56,103964,-74.0,N/A
921.80,104031,-74.0,N/A
922.03,104141,-74.0,N/A
922.27,104204,-74.0,N/A
922.50,104273,-74.0,N/A
922.73,104334,-74.0,N/A
922.97,104394,-74.0,N/A
923.20,104458,-74.0,N/A
923.44,104521,-74.0,N/A
923.67,104591,-74.0,N/A
923.91,104702,-74.0,N/A
924.14,104764,-74.0,N/A
924.37,104826,-74.0,N/A
924.61,104890,-74.0,N/A
924.84,104960,-74.0,N/A
925.08,105025,-74.0,N/A
925.31,105088,-74.0,N/A
925.55,105157,-74.0,N/A
925.78,105268,-74.0,N/A
926.02,105332,-74.0,N/A
926.25,105397,-74.0,N/A
926.48,105461,-74.0,N/A
926.72,105527,-74.0,N/A
926.95,105593,-74.0,N/A
927.19,105660,-74.0,N/A
927.42,105724,-74.0,N/A
927.66,105834,-74.0,N/A
927.89,105903,-74.0,N/A
900.00,105966,-74.0,N/A
900.23,106031,-74.0,N/A
900.47,106100,-74.0,N/A
900.70,106167,-74.0,N/A
900.94,106234,-74.0,N/A
901.17,106303,-74.0,N/A
901.41,106417,-74.0,N/A
901.64,106484,-74.0,N/A
901.87,106547,-74.0,N/A
902.11,106616,-74.0,N/A
902.34,106683,-74.0,N/A
902.58,106751,-74.0,N/A
902.81,106822,-74.0,N/A
903.05,106892,-74.0,N/A
903.28,107002,-74.0,N/A
903.52,107068,-74.0,N/A
903.75,107137,-74.0,N/A
903.98,107207,-74.0,N/A
904.22,107277,-74.0,N/A
904.45,107345,-74.0,N/A
904.69,107416,-74.0,N/A
904.92,107487,-74.0,N/A
905.16,107601,-74.0,N/A
905.39,107686,-74.0,N/A
905.62,107727,-74.0,N/A
905.86,107775,-74.0,N/A
906.09,107818,-74.0,N/A
906.33,107864,-74.0,N/A
906.56,107910,-74.0,N/A
906.80,107955,-74.0,N/A
907.03,108044,-74.0,N/A
907.27,108086,-74.0,N/A
907.50,108132,-74.0,N/A
907.73,108185,-74.0,N/A
907.97,108232,-74.0,N/A
908.20,108279,-74.0,N/A
908.44,108328,-74.0,N/A
908.67,108380,-74.0,N/A
908.91,108486,-74.0,N/A
909.14,108534,-74.0,N/A
909.37,108577,-74.0,N/A
909.61,108630,-74.0,N/A
909.84,108685,-74.0,N/A
910.08,108737,-74.0,N/A
910.31,108788,-74.0,N/A
910.55,108845,-74.0,N/A
910.78,108937,-74.0,N/A
911.02,108983,-74.0,N/A
911.25,109032,-74.0,N/A
911.48,109084,-74.0,N/A
911.72,109138,-74.0,N/A
911.95,109187,-74.0,N/A
912.19,109235,-74.0,N/A
912.42,109287,-74.0,N/A
912.66,109381,-74.0,N/A
912.89,109433,-74.0,N/A
913.12,109483,-74.0,N/A
913.36,109533,-74.0,N/A
913.59,109585,-74.0,N/A
913.83,109634,-74.0,N/A
914.06,109686,-74.0,N/A
914.30,109737,-74.0,N/A
914.53,109833,-74.0,N/A
914.77,109890,-74.0,N/A
915.00,109940,-74.0,N/A
915.23,109993,-74.0,N/A
915.47,110040,-74.0,N/A
915.70,110092,-74.0,N/A
915.94,110151,-74.0,N/A
916.17,110202,-74.0,N/A
916.41,110295,-74.0,N/A
916.64,110352,-74.0,N/A
916.87,110405,-74.0,N/A
917.11,110460,-74.0,N/A
917.34,110515,-74.0,N/A
917.58,110568,-74.0,N/A
917.81,110622,-74.0,N/A
918.05,110679,-74.0,N/A
918.28,110778,-74.0,N/A
918.52,110830,-74.0,N/A
918.75,110886,-74.0,N/A
918.98,110939,-74.0,N/A
919.22,110991,-74.0,N/A
919.45,111047,-74.0,N/A
919.69,111101,-74.0,N/A
919.92,111160,-74.0,N/A
920.16,111256,-74.0,N/A
920.39,111310,-74.0,N/A
920.62,111373,-74.0,N/A
920.86,111428,-74.0,N/A
921.09,111481,-74.0,N/A
921.33,111537,-74.0,N/A
921.56,111592,-74.0,N/A
921.80,111657,-74.0,N/A
922.03,111758,-74.0,N/A
922.27,111814,-74.0,N/A
922.50,111868,-74.0,N/A
922.73,111925,-74.0,N/A
922.97,111982,-74.0,N/A
923.20,112040,-74.0,N/A
923.44,112095,-74.0,N/A
923.67,112156,-74.0,N/A
923.91,112255,-74.0,N/A
924.14,112312,-74.0,N/A
924.37,112371,-74.0,N/A
924.61,112429,-74.0,N/A
924.84,112486,-74.0,N/A
925.08,112544,-74.0,N/A
925.31,112602,-74.0,N/A
925.55,112659,-74.0,N/A
925.78,112757,-74.0,N/A
926.02,112819,-74.0,N/A
926.25,112877,-74.0,N/A
926.48,112934,-74.0,N/A
926.72,112996,-74.0,N/A
926.95,113057,-74.0,N/A
927.19,113116,-74.0,N/A
927.42,113177,-74.0,N/A
927.66,113274,-74.0,N/A
927.89,113334,-74.0,N/A
900.00,113389,-74.0,N/A
900.23,113452,-74.0,N/A
900.47,113515,-74.0,N/A
900.70,113577,-74.0,N/A
900.94,113636,-74.0,N/A
901.17,113701,-74.0,N/A
901.41,113804,-74.0,N/A
901.64,113864,-74.0,N/A
901.87,113924,-74.0,N/A
902.11,113987,-74.0,N/A
902.34,114047,-74.0,N/A
902.58,114108,-74.0,N/A
902.81,114168,-74.0,N/A
903.05,114233,-74.0,N/A
903.28,114340,-74.0,N/A
903.52,114404,-74.0,N/A
903.75,114464,-74.0,N/A
903.98,114522,-74.0,N/A
904.22,114585,-74.0,N/A
904.45,114647,-74.0,N/A
904.69,114710,-74.0,N/A
904.92,114772,-74.0,N/A
905.16,114876,-74.0,N/A
905.39,114941,-74.0,N/A
905.62,115001,-74.0,N/A
905.86,115065,-74.0,N/A
906.09,115133,-74.0,N/A
906.33,115198,-74.0,N/A
906.56,115262,-74.0,N/A
906.80,115330,-74.0,N/A
907.03,115439,-74.0,N/A
907.27,115516,-74.0,N/A
907.50,115579,-74.0,N/A
907.73,115642,-74.0,N/A
907.97,115710,-74.0,N/A
908.20,115783,-74.0,N/A
908.44,115848,-74.0,N/A
908.67,115917,-74.0,N/A
908.91,116032,-74.0,N/A
909.14,116097,-74.0,N/A
909.37,116160,-74.0,N/A
909.61,116228,-74.0,N/A
909.84,116297,-74.0,N/A
910.08,116368,-74.0,N/A
910.31,116435,-74.0,N/A
910.55,116502,-74.0,N/A
910.78,116612,-74.0,N/A
911.02,116676,-74.0,N/A
911.25,116745,-74.0,N/A
911.48,116813,-74.0,N/A
911.72,116882,-74.0,N/A
911.95,116951,-74.0,N/A
912.19,117017,-74.0,N/A
912.42,117087,-74.0,N/A
912.66,117199,-74.0,N/A
912.89,117268,-74.0,N/A
913.12,117344,-74.0,N/A
913.36,117412,-74.0,N/A
913.59,117480,-74.0,N/A
913.83,117548,-74.0,N/A
914.06,117617,-74.0,N/A
914.30,117693,-74.0,N/A
914.53,117804,-74.0,N/A
914.77,117871,-74.0,N/A
915.00,117945,-74.0,N/A
915.23,118014,-74.0,N/A
915.47,118101,-74.0,N/A
915.70,118147,-74.0,N/A
915.94,118193,-74.0,N/A
916.17,118240,-74.0,N/A
916.41,118332,-74.0,N/A
916.64,118381,-74.0,N/A
916.87,118426,-74.0,N/A
917.11,118470,-74.0,N/A
917.34,118517,-74.0,N/A
917.58,118564,-74.0,N/A
917.81,118616,-74.0,N/A
918.05,118664,-74.0,N/A
918.28,118751,-74.0,N/A
918.52,118807,-74.0,N/A
918.75,118852,-74.0,N/A
918.98,118896,-74.0,N/A
919.22,118945,-74.0,N/A
919.45,118992,-74.0,N/A
919.69,119046,-74.0,N/A
919.92,119096,-74.0,N/A
920.16,119189,-74.0,N/A
920.39,119235,-74.0,N/A
920.62,119281,-74.0,N/A
920.86,119332,-74.0,N/A
921.09,119382,-74.0,N/A
921.33,119430,-74.0,N/A
921.56,119483,-74.0,N/A
921.80,119534,-74.0,N/A
922.03,119626,-74.0,N/A
922.27,119677,-74.0,N/A
922.50,119728,-74.0,N/A
922.73,119780,-74.0,N/A
922.97,119831,-74.0,N/A
923.20,119879,-74.0,N/A
923.44,119929,-74.0,N/A
923.67,119976,-74.0,N/A
923.91,120077,-74.0,N/A
924.14,120126,-74.0,N/A
924.37,120176,-74.0,N/A
924.61,120230,-74.0,N/A
924.84,120283,-74.0,N/A
925.08,120335,-74.0,N/A
925.31,120389,-74.0,N/A
925.55,120442,-74.0,N/A
925.78,120538,-74.0,N/A
926.02,120586,-74.0,N/A
926.25,120642,-74.0,N/A
926.48,120701,-74.0,N/A
926.72,120754,-74.0,N/A
926.95,120807,-74.0,N/A
927.19,120861,-74.0,N/A
927.42,120917,-74.0,N/A
927.66,121019,-74.0,N/A
927.89,121070,-74.0,N/A
900.00,121128,-74.0,N/A
900.23,121183,-74.0,N/A
900.47,121236,-74.0,N/A
900.70,121289,-74.0,N/A
900.94,121344,-74.0,N/A
901.17,121401,-74.0,N/A
901.41,121498,-74.0,N/A
901.64,121551,-74.0,N/A
901.87,121601,-74.0,N/A
902.11,121657,-74.0,N/A
902.34,121712,-74.0,N/A
902.58,121768,-74.0,N/A
902.81,121822,-74.0,N/A
903.05,121875,-74.0,N/A
903.28,121979,-74.0,N/A
903.52,122036,-74.0,N/A
903.75,122088,-74.0,N/A
903.98,122142,-74.0,N/A
904.22,122205,-74.0,N/A
904.45,122262,-74.0,N/A
904.69,122319,-74.0,N/A
904.92,122378,-74.0,N/A
905.16,122479,-74.0,N/A
905.39,122548,-74.0,N/A
905.62,122604,-74.0,N/A
905.86,122660,-74.0,N/A
906.09,122720,-74.0,N/A
906.33,122785,-74.0,N/A
906.56,122844,-74.0,N/A
906.80,122906,-74.0,N/A
907.03,123016,-74.0,N/A
907.27,123075,-74.0,N/A
907.50,123130,-74.0,N/A
907.73,123189,-74.0,N/A
907.97,123253,-74.0,N/A
908.20,123319,-74.0,N/A
908.44,123377,-74.0,N/A
908.67,123435,-74.0,N/A
908.91,123538,-74.0,N/A
909.14,123595,-74.0,N/A
909.37,123656,-74.0,N/A
909.61,123715,-74.0,N/A
909.84,123776,-74.0,N/A
910.08,123837,-74.0,N/A
910.31,123897,-74.0,N/A
910.55,123959,-74.0,N/A
910.78,124065,-74.0,N/A
911.02,124125,-74.0,N/A
911.25,124192,-74.0,N/A
911.48,124253,-74.0,N/A
911.72,124315,-74.0,N/A
911.95,124375,-74.0,N/A
912.19,124433,-74.0,N/A
912.42,124502,-74.0,N/A
912.66,124604,-74.0,N/A
912.89,124664,-74.0,N/A
913.12,124731,-74.0,N/A
913.36,124793,-74.0,N/A
913.59,124856,-74.0,N/A
913.83,124918,-74.0,N/A
914.06,124980,-74.0,N/A
914.30,125045,-74.0,N/A
914.53,125155,-74.0,N/A
914.77,125219,-74.0,N/A
915.00,125280,-74.0,N/A
915.23,125343,-74.0,N/A
915.47,125408,-74.0,N/A
915.70,125470,-74.0,N/A
915.94,125538,-74.0,N/A
916.17,125604,-74.0,N/A
916.41,125714,-74.0,N/A
916.64,125782,-74.0,N/A
916.87,125843,-74.0,N/A
917.11,125902,-74.0,N/A
917.34,125967,-74.0,N/A
917.58,126032,-74.0,N/A
917.81,126104,-74.0,N/A
918.05,126170,-74.0,N/A
918.28,126279,-74.0,N/A
918.52,126341,-74.0,N/A
918.75,126404,-74.0,N/A
918.98,126471,-74.0,N/A
919.22,126536,-74.0,N/A
919.45,126600,-74.0,N/A
919.69,126669,-74.0,N/A
919.92,126737,-74.0,N/A
920.16,126851,-74.0,N/A
920.39,126917,-74.0,N/A
920.62,126986,-74.0,N/A
920.86,127056,-74.0,N/A
921.09,127122,-74.0,N/A
921.33,127189,-74.0,N/A
921.56,127255,-74.0,N/A
921.80,127328,-74.0,N/A
922.03,127440,-74.0,N/A
922.27,127504,-74.0,N/A
922.50,127575,-74.0,N/A
922.73,127642,-74.0,N/A
922.97,127709,-74.0,N/A
923.20,127778,-74.0,N/A
923.44,127846,-74.0,N/A
923.67,127916,-74.0,N/A
923.91,128026,-74.0,N/A
924.14,128097,-74.0,N/A
924.37,128168,-74.0,N/A
924.61,128239,-74.0,N/A
924.84,128306,-74.0,N/A
925.08,128376,-74.0,N/A
925.31,128445,-74.0,N/A
925.55,128515,-74.0,N/A
925.78,128649,-74.0,N/A
926.02,128694,-74.0,N/A
926.25,128740,-74.0,N/A
926.48,128783,-74.0,N/A
926.72,128830,-74.0,N/A
926.95,128879,-74.0,N/A
927.19,128927,-74.0,N/A
927.42,128973,-74.0,N/A
927.66,129061,-74.0,N/A
0.00,2347,-1.0,N/A
900.00,2974,-74.0,N/A
900.23,3019,-74.0,N/A
900.47,3068,-74.0,N/A
900.70,3115,-74.0,N/A
900.94,3165,-74.0,N/A
901.17,3216,-74.0,N/A
901.41,3310,-74.0,N/A
901.64,3359,-74.0,N/A
901.87,3406,-74.0,N/A
902.11,3455,-74.0,N/A
902.34,3506,-74.0,N/A
902.58,3556,-74.0,N/A
902.81,3606,-74.0,N/A
903.05,3654,-74.0,N/A
903.28,3744,-74.0,N/A
903.52,3798,-74.0,N/A
903.75,3847,-74.0,N/A
903.98,3894,-74.0,N/A
904.22,3952,-74.0,N/A
904.45,4002,-74.0,N/A
904.69,4055,-74.0,N/A
904.92,4105,-74.0,N/A
905.16,4204,-74.0,N/A
905.39,4256,-74.0,N/A
905.62,4305,-74.0,N/A
905.86,4358,-74.0,N/A
906.09,4408,-74.0,N/A
906.33,4457,-74.0,N/A
906.56,4510,-74.0,N/A
906.80,4562,-74.0,N/A
907.03,4654,-74.0,N/A
907.27,4706,-74.0,N/A
907.50,4759,-74.0,N/A
907.73,4814,-74.0,N/A
907.97,4875,-74.0,N/A
908.20,4927,-74.0,N/A
908.44,4975,-74.0,N/A
908.67,5030,-74.0,N/A
908.91,5128,-74.0,N/A
909.14,5188,-74.0,N/A
909.37,5241,-74.0,N/A
909.61,5291,-74.0,N/A
909.84,5341,-74.0,N/A
910.08,5394,-74.0,N/A
910.31,5451,-74.0,N/A
910.55,5506,-74.0,N/A
910.78,5604,-74.0,N/A
911.02,5659,-74.0,N/A
911.25,5713,-74.0,N/A
911.48,5770,-74.0,N/A
911.72,5822,-74.0,N/A
911.95,5878,-74.0,N/A
912.19,5934,-74.0,N/A
912.42,5990,-74.0,N/A
912.66,6089,-74.0,N/A
912.89,6144,-74.0,N/A
913.12,6204,-74.0,N/A
913.36,6259,-74.0,N/A
913.59,6314,-74.0,N/A
913.83,6374,-74.0,N/A
914.06,6431,-74.0,N/A
914.30,6486,-74.0,N/A
914.53,6586,-74.0,N/A
914.77,6640,-74.0,N/A
915.00,6696,-74.0,N/A
915.23,6747,-74.0,N/A
915.47,6806,-74.0,N/A
915.70,6866,-74.0,N/A
915.94,6923,-74.0,N/A
916.17,6980,-74.0,N/A
916.41,7087,-74.0,N/A
916.64,7144,-74.0,N/A
916.87,7201,-74.0,N/A
917.11,7261,-74.0,N/A
917.34,7319,-74.0,N/A
917.58,7374,-74.0,N/A
917.81,7431,-74.0,N/A
918.05,7492,-74.0,N/A
918.28,7597,-74.0,N/A
918.52,7654,-74.0,N/A
918.75,7712,-74.0,N/A
918.98,7772,-74.0,N/A
919.22,7829,-74.0,N/A
919.45,7890,-74.0,N/A
919.69,7947,-74.0,N/A
919.92,8005,-74.0,N/A
920.16,8112,-74.0,N/A
920.39,8171,-74.0,N/A
920.62,8227,-74.0,N/A
920.86,8287,-74.0,N/A
921.09,8353,-74.0,N/A
921.33,8411,-74.0,N/A
921.56,8472,-74.0,N/A
921.80,8535,-74.0,N/A
922.03,8642,-74.0,N/A
922.27,8714,-74.0,N/A
922.50,8772,-74.0,N/A
922.73,8830,-74.0,N/A
922.97,8892,-74.0,N/A
923.20,8960,-74.0,N/A
923.44,9026,-74.0,N/A
923.67,9093,-74.0,N/A
923.91,9207,-74.0,N/A
924.14,9265,-74.0,N/A
924.37,9327,-74.0,N/A
924.61,9391,-74.0,N/A
924.84,9458,-74.0,N/A
925.08,9520,-74.0,N/A
925.31,9581,-74.0,N/A
925.55,9645,-74.0,N/A
925.78,9752,-74.0,N/A
926.02,9812,-74.0,N/A
926.25,9876,-74.0,N/A
926.48,9940,-74.0,N/A
926.72,10003,-74.0,N/A
926.95,10067,-74.0,N/A
927.19,10131,-74.0,N/A
927.42,10196,-74.0,N/A
927.66,10308,-74.0,N/A
927.89,10372,-74.0,N/A
900.00,10442,-74.0,N/A
900.23,10507,-74.0,N/A
900.47,10572,-74.0,N/A
900.70,10635,-74.0,N/A
900.94,10699,-74.0,N/A
901.17,10772,-74.0,N/A
901.41,10879,-74.0,N/A
901.64,10942,-74.0,N/A
901.87,11014,-74.0,N/A
902.11,11079,-74.0,N/A
902.34,11145,-74.0,N/A
902.58,11209,-74.0,N/A
902.81,11274,-74.0,N/A
903.05,11341,-74.0,N/A
903.28,11461,-74.0,N/A
903.52,11524,-74.0,N/A
903.75,11592,-74.0,N/A
903.98,11657,-74.0,N/A
904.22,11722,-74.0,N/A
904.45,11791,-74.0,N/A
904.69,11859,-74.0,N/A
904.92,11924,-74.0,N/A
905.16,12035,-74.0,N/A
905.39,12103,-74.0,N/A
905.62,12171,-74.0,N/A
905.86,12246,-74.0,N/A
906.09,12311,-74.0,N/A
906.33,12375,-74.0,N/A
906.56,12444,-74.0,N/A
906.80,12511,-74.0,N/A
907.03,12637,-74.0,N/A
907.27,12704,-74.0,N/A
907.50,12773,-74.0,N/A
907.73,12837,-74.0,N/A
907.97,12905,-74.0,N/A
908.20,12975,-74.0,N/A
908.44,13044,-74.0,N/A
908.67,13111,-74.0,N/A
908.91,13228,-74.0,N/A
909.14,13298,-74.0,N/A
909.37,13367,-74.0,N/A
909.61,13436,-74.0,N/A
909.84,13509,-74.0,N/A
910.08,13580,-74.0,N/A
910.31,13687,-74.0,N/A
910.55,13735,-74.0,N/A
910.78,13835,-74.0,N/A
911.02,13877,-74.0,N/A
911.25,13921,-74.0,N/A
911.48,13971,-74.0,N/A
911.72,14017,-74.0,N/A
911.95,14063,-74.0,N/A
912.19,14112,-74.0,N/A
912.42,14159,-74.0,N/A
912.66,14251,-74.0,N/A
912.89,14296,-74.0,N/A
913.12,14346,-74.0,N/A
913.36,14397,-74.0,N/A
913.59,14444,-74.0,N/A
913.83,14493,-74.0,N/A
914.06,14545,-74.0,N/A
914.30,14594,-74.0,N/A
914.53,14689,-74.0,N/A
914.77,14739,-74.0,N/A
915.00,14788,-74.0,N/A
915.23,14833,-74.0,N/A
915.47,14882,-74.0,N/A
915.70,14932,-74.0,N/A
915.94,14987,-74.0,N/A
916.17,15039,-74.0,N/A
916.41,15134,-74.0,N/A
916.64,15178,-74.0,N/A
916.87,15228,-74.0,N/A
917.11,15276,-74.0,N/A
917.34,15327,-74.0,N/A
917.58,15377,-74.0,N/A
917.81,15426,-74.0,N/A
918.05,15479,-74.0,N/A
918.28,15580,-74.0,N/A
918.52,15626,-74.0,N/A
918.75,15676,-74.0,N/A
918.98,15733,-74.0,N/A
919.22,15783,-74.0,N/A
919.45,15835,-74.0,N/A
919.69,15888,-74.0,N/A
919.92,15945,-74.0,N/A
920.16,16053,-74.0,N/A
920.39,16105,-74.0,N/A
920.62,16155,-74.0,N/A
920.86,16211,-74.0,N/A
921.09,16269,-74.0,N/A
921.33,16323,-74.0,N/A
921.56,16382,-74.0,N/A
921.80,16435,-74.0,N/A
922.03,16536,-74.0,N/A
922.27,16589,-74.0,N/A
922.50,16646,-74.0,N/A
922.73,16704,-74.0,N/A
922.97,16758,-74.0,N/A
923.20,16815,-74.0,N/A
923.44,16870,-74.0,N/A
923.67,16922,-74.0,N/A
923.91,17023,-74.0,N/A
924.14,17078,-74.0,N/A
924.37,17133,-74.0,N/A
924.61,17188,-74.0,N/A
924.84,17240,-74.0,N/A
925.08,17296,-74.0,N/A
925.31,17350,-74.0,N/A
925.55,17409,-74.0,N/A
925.78,17523,-74.0,N/A
926.02,17578,-74.0,N/A
926.25,17634,-74.0,N/A
926.48,17688,-74.0,N/A
926.72,17743,-74.0,N/A
926.95,17805,-74.0,N/A
927.19,17861,-74.0,N/A
927.42,17916,-74.0,N/A
927.66,18075,-74.0,N/A
927.89,18135,-74.0,N/A
900.00,18191,-74.0,N/A
900.23,18247,-74.0,N/A
900.47,18307,-74.0,N/A
900.70,18370,-74.0,N/A
900.94,18430,-74.0,N/A
901.17,18490,-74.0,N/A
901.41,18597,-74.0,N/A
901.64,18651,-74.0,N/A
901.87,18709,-74.0,N/A
902.11,18765,-74.0,N/A
902.34,18822,-74.0,N/A
902.58,18882,-74.0,N/A
902.81,18944,-74.0,N/A
903.05,19003,-74.0,N/A
903.28,19120,-74.0,N/A
903.52,19178,-74.0,N/A
903.75,19233,-74.0,N/A
903.98,19293,-74.0,N/A
904.22,19350,-74.0,N/A
904.45,19417,-74.0,N/A
904.69,19479,-74.0,N/A
904.92,19541,-74.0,N/A
905.16,19648,-74.0,N/A
905.39,19706,-74.0,N/A
905.62,19767,-74.0,N/A
905.86,19827,-74.0,N/A
906.09,19886,-74.0,N/A
906.33,19950,-74.0,N/A
906.56,20012,-74.0,N/A
906.80,20074,-74.0,N/A
907.03,20184,-74.0,N/A
907.27,20246,-74.0,N/A
907.50,20309,-74.0,N/A
907.73,20368,-74.0,N/A
907.97,20433,-74.0,N/A
908.20,20501,-74.0,N/A
908.44,20563,-74.0,N/A
908.67,20625,-74.0,N/A
908.91,20742,-74.0,N/A
909.14,20804,-74.0,N/A
909.37,20865,-74.0,N/A
909.61,20928,-74.0,N/A
909.84,20990,-74.0,N/A
910.08,21055,-74.0,N/A
910.31,21115,-74.0,N/A
910.55,21181,-74.0,N/A
910.78,21298,-74.0,N/A
911.02,21362,-74.0,N/A
911.25,21423,-74.0,N/A
911.48,21488,-74.0,N/A
911.72,21552,-74.0,N/A
911.95,21616,-74.0,N/A
912.19,21685,-74.0,N/A
912.42,21751,-74.0,N/A
912.66,21863,-74.0,N/A
912.89,21927,-74.0,N/A
913.12,21992,-74.0,N/A
913.36,22062,-74.0,N/A
913.59,22125,-74.0,N/A
913.83,22190,-74.0,N/A
914.06,22252,-74.0,N/A
914.30,22320,-74.0,N/A
914.53,22436,-74.0,N/A
914.77,22502,-74.0,N/A
915.00,22566,-74.0,N/A
915.23,22630,-74.0,N/A
915.47,22697,-74.0,N/A
915.70,22764,-74.0,N/A
915.94,22828,-74.0,N/A
916.17,22894,-74.0,N/A
916.41,23018,-74.0,N/A
916.64,23082,-74.0,N/A
916.87,23148,-74.0,N/A
917.11,23217,-74.0,N/A
917.34,23289,-74.0,N/A
917.58,23367,-74.0,N/A
917.81,23435,-74.0,N/A
918.05,23501,-74.0,N/A
918.28,23628,-74.0,N/A
918.52,23703,-74.0,N/A
918.75,23772,-74.0,N/A
918.98,23844,-74.0,N/A
919.22,23910,-74.0,N/A
919.45,23977,-74.0,N/A
919.69,24046,-74.0,N/A
919.92,24118,-74.0,N/A
920.16,24244,-74.0,N/A
920.39,24310,-74.0,N/A
920.62,24379,-74.0,N/A
920.86,24448,-74.0,N/A
921.09,24514,-74.0,N/A
921.33,24585,-74.0,N/A
921.56,24655,-74.0,N/A
921.80,24725,-74.0,N/A
922.03,24846,-74.0,N/A
922.27,24931,-74.0,N/A
922.50,24978,-74.0,N/A
922.73,25025,-74.0,N/A
922.97,25078,-74.0,N/A
923.20,25126,-74.0,N/A
923.44,25174,-74.0,N/A
923.67,25220,-74.0,N/A
923.91,25313,-74.0,N/A
924.14,25365,-74.0,N/A
924.37,25411,-74.0,N/A
924.61,25458,-74.0,N/A
924.84,25508,-74.0,N/A
925.08,25559,-74.0,N/A
925.31,25609,-74.0,N/A
925.55,25659,-74.0,N/A
925.78,25763,-74.0,N/A
926.02,25817,-74.0,N/A
926.25,25864,-74.0,N/A
926.48,25914,-74.0,N/A
926.72,25962,-74.0,N/A
926.95,26009,-74.0,N/A
927.19,26062,-74.0,N/A
927.42,26113,-74.0,N/A
0.00,2350,-1.0,N/A
900.00,3032,-74.0,N/A
900.23,3083,-74.0,N/A
900.47,3141,-74.0,N/A
900.70,3191,-74.0,N/A
900.94,3239,-74.0,N/A
901.17,3289,-74.0,N/A
901.41,3338,-74.0,N/A
901.64,3397,-74.0,N/A
901.87,3504,-74.0,N/A
902.11,3554,-74.0,N/A
902.34,3603,-74.0,N/A
902.58,3654,-74.0,N/A
902.81,3709,-74.0,N/A
903.05,3759,-74.0,N/A
903.28,3809,-74.0,N/A
903.52,3866,-74.0,N/A
903.75,3968,-74.0,N/A
903.98,4021,-74.0,N/A
904.22,4072,-74.0,N/A
904.45,4128,-74.0,N/A
904.69,4182,-74.0,N/A
904.92,4233,-74.0,N/A
905.16,4287,-74.0,N/A
905.39,4344,-74.0,N/A
905.62,4445,-74.0,N/A
905.86,4496,-74.0,N/A
906.09,4553,-74.0,N/A
906.33,4606,-74.0,N/A
906.56,4658,-74.0,N/A
906.80,4714,-74.0,N/A
907.03,4768,-74.0,N/A
907.27,4825,-74.0,N/A
907.50,4920,-74.0,N/A
907.73,4977,-74.0,N/A
907.97,5036,-74.0,N/A
908.20,5091,-74.0,N/A
908.44,5143,-74.0,N/A
908.67,5200,-74.0,N/A
908.91,5255,-74.0,N/A
909.14,5309,-74.0,N/A
909.37,5416,-74.0,N/A
909.61,5473,-74.0,N/A
909.84,5526,-74.0,N/A
910.08,5581,-74.0,N/A
910.31,5638,-74.0,N/A
910.55,5699,-74.0,N/A
910.78,5754,-74.0,N/A
911.02,5811,-74.0,N/A
911.25,5907,-74.0,N/A
911.48,5964,-74.0,N/A
911.72,6019,-74.0,N/A
911.95,6076,-74.0,N/A
912.19,6132,-74.0,N/A
912.42,6187,-74.0,N/A
912.66,6244,-74.0,N/A
912.89,6303,-74.0,N/A
913.12,6407,-74.0,N/A
913.36,6462,-74.0,N/A
913.59,6525,-74.0,N/A
913.83,6582,-74.0,N/A
914.06,6638,-74.0,N/A
914.30,6699,-74.0,N/A
914.53,6762,-74.0,N/A
914.77,6835,-74.0,N/A
915.00,6938,-74.0,N/A
915.23,6993,-74.0,N/A
915.47,7056,-74.0,N/A
915.70,7121,-74.0,N/A
915.94,7181,-74.0,N/A
916.17,7245,-74.0,N/A
916.41,7304,-74.0,N/A
916.64,7361,-74.0,N/A
916.87,7470,-74.0,N/A
917.11,7534,-74.0,N/A
917.34,7598,-74.0,N/A
917.58,7658,-74.0,N/A
917.81,7715,-74.0,N/A
918.05,7775,-74.0,N/A
918.28,7835,-74.0,N/A
918.52,7894,-74.0,N/A
918.75,8001,-74.0,N/A
918.98,8058,-74.0,N/A
919.22,8119,-74.0,N/A
919.45,8177,-74.0,N/A
919.69,8240,-74.0,N/A
919.92,8300,-74.0,N/A
920.16,8364,-74.0,N/A
920.39,8434,-74.0,N/A
920.62,8549,-74.0,N/A
920.86,8612,-74.0,N/A
921.09,8672,-74.0,N/A
921.33,8731,-74.0,N/A
921.56,8799,-74.0,N/A
921.80,8860,-74.0,N/A
922.03,8923,-74.0,N/A
922.27,8987,-74.0,N/A
922.50,9095,-74.0,N/A
922.73,9156,-74.0,N/A
922.97,9218,-74.0,N/A
923.20,9281,-74.0,N/A
923.44,9349,-74.0,N/A
923.67,9413,-74.0,N/A
923.91,9478,-74.0,N/A
924.14,9541,-74.0,N/A
924.37,9657,-74.0,N/A
924.61,9721,-74.0,N/A
924.84,9782,-74.0,N/A
925.08,9847,-74.0,N/A
925.31,9912,-74.0,N/A
925.55,9977,-74.0,N/A
925.78,10051,-74.0,N/A
926.02,10115,-74.0,N/A
926.25,10223,-74.0,N/A
926.48,10289,-74.0,N/A
926.72,10353,-74.0,N/A
926.95,10425,-74.0,N/A
927.19,10492,-74.0,N/A
927.42,10558,-74.0,N/A
927.66,10622,-74.0,N/A
927.89,10688,-74.0,N/A
900.00,10811,-74.0,N/A
900.23,10873,-74.0,N/A
900.47,10937,-74.0,N/A
900.70,11006,-74.0,N/A
900.94,11074,-74.0,N/A
901.17,11143,-74.0,N/A
901.41,11209,-74.0,N/A
901.64,11279,-74.0,N/A
901.87,11392,-74.0,N/A
902.11,11455,-74.0,N/A
902.34,11524,-74.0,N/A
902.58,11594,-74.0,N/A
902.81,11662,-74.0,N/A
903.05,11731,-74.0,N/A
903.28,11804,-74.0,N/A
903.52,11871,-74.0,N/A
903.75,11989,-74.0,N/A
903.98,12058,-74.0,N/A
904.22,12126,-74.0,N/A
904.45,12196,-74.0,N/A
904.69,12262,-74.0,N/A
904.92,12334,-74.0,N/A
905.16,12408,-74.0,N/A
905.39,12479,-74.0,N/A
905.62,12593,-74.0,N/A
905.86,12662,-74.0,N/A
906.09,12731,-74.0,N/A
906.33,12802,-74.0,N/A
906.56,12875,-74.0,N/A
906.80,12946,-74.0,N/A
907.03,13017,-74.0,N/A
907.27,13104,-74.0,N/A
907.50,13200,-74.0,N/A
907.73,13244,-74.0,N/A
907.97,13286,-74.0,N/A
908.20,13334,-74.0,N/A
908.44,13380,-74.0,N/A
908.67,13430,-74.0,N/A
908.91,13477,-74.0,N/A
909.14,13521,-74.0,N/A
909.37,13615,-74.0,N/A
909.61,13664,-74.0,N/A
909.84,13708,-74.0,N/A
910.08,13756,-74.0,N/A
910.31,13807,-74.0,N/A
910.55,13856,-74.0,N/A
910.78,13903,-74.0,N/A
911.02,13955,-74.0,N/A
911.25,14054,-74.0,N/A
911.48,14114,-74.0,N/A
911.72,14161,-74.0,N/A
911.95,14207,-74.0,N/A
912.19,14263,-74.0,N/A
912.42,14321,-74.0,N/A
912.66,14373,-74.0,N/A
912.89,14427,-74.0,N/A
913.12,14529,-74.0,N/A
913.36,14575,-74.0,N/A
913.59,14623,-74.0,N/A
913.83,14674,-74.0,N/A
914.06,14728,-74.0,N/A
914.30,14783,-74.0,N/A
914.53,14834,-74.0,N/A
914.77,14885,-74.0,N/A
915.00,14983,-74.0,N/A
915.23,15033,-74.0,N/A
915.47,15083,-74.0,N/A
915.70,15137,-74.0,N/A
915.94,15187,-74.0,N/A
916.17,15239,-74.0,N/A
916.41,15292,-74.0,N/A
916.64,15345,-74.0,N/A
916.87,15440,-74.0,N/A
917.11,15492,-74.0,N/A
917.34,15549,-74.0,N/A
917.58,15601,-74.0,N/A
917.81,15654,-74.0,N/A
918.05,15704,-74.0,N/A
918.28,15757,-74.0,N/A
918.52,15817,-74.0,N/A
918.75,15915,-74.0,N/A
918.98,15968,-74.0,N/A
919.22,16022,-74.0,N/A
919.45,16076,-74.0,N/A
919.69,16130,-74.0,N/A
919.92,16184,-74.0,N/A
920.16,16240,-74.0,N/A
920.39,16299,-74.0,N/A
920.62,16397,-74.0,N/A
920.86,16450,-74.0,N/A
921.09,16503,-74.0,N/A
921.33,16556,-74.0,N/A
921.56,16614,-74.0,N/A
921.80,16669,-74.0,N/A
922.03,16726,-74.0,N/A
922.27,16784,-74.0,N/A
922.50,16887,-74.0,N/A
922.73,16950,-74.0,N/A
922.97,17005,-74.0,N/A
923.20,17057,-74.0,N/A
923.44,17114,-74.0,N/A
923.67,17169,-74.0,N/A
923.91,17234,-74.0,N/A
924.14,17291,-74.0,N/A
924.37,17390,-74.0,N/A
924.61,17445,-74.0,N/A
924.84,17501,-74.0,N/A
925.08,17562,-74.0,N/A
925.31,17617,-74.0,N/A
925.55,17674,-74.0,N/A
925.78,17735,-74.0,N/A
926.02,17794,-74.0,N/A
926.25,17902,-74.0,N/A
926.48,17959,-74.0,N/A
926.72,18017,-74.0,N/A
926.95,18076,-74.0,N/A
927.19,18132,-74.0,N/A
927.42,18190,-74.0,N/A
927.66,18253,-74.0,N/A
927.89,18310,-74.0,N/A
900.00,18414,-74.0,N/A
900.23,18476,-74.0,N/A
900.47,18535,-74.0,N/A
900.70,18593,-74.0,N/A
900.94,18654,-74.0,N/A
901.17,18712,-74.0,N/A
901.41,18774,-74.0,N/A
901.64,18832,-74.0,N/A
901.87,18943,-74.0,N/A
902.11,19006,-74.0,N/A
902.34,19065,-74.0,N/A
902.58,19127,-74.0,N/A
902.81,19190,-74.0,N/A
903.05,19251,-74.0,N/A
903.28,19311,-74.0,N/A
903.52,19375,-74.0,N/A
903.75,19482,-74.0,N/A
903.98,19542,-74.0,N/A
904.22,19604,-74.0,N/A
904.45,19666,-74.0,N/A
904.69,19726,-74.0,N/A
904.92,19784,-74.0,N/A
905.16,19848,-74.0,N/A
905.39,19911,-74.0,N/A
905.62,20024,-74.0,N/A
905.86,20084,-74.0,N/A
906.09,20142,-74.0,N/A
906.33,20207,-74.0,N/A
906.56,20272,-74.0,N/A
906.80,20333,-74.0,N/A
907.03,20396,-74.0,N/A
907.27,20467,-74.0,N/A
907.50,20574,-74.0,N/A
907.73,20634,-74.0,N/A
907.97,20699,-74.0,N/A
908.20,20767,-74.0,N/A
908.44,20842,-74.0,N/A
908.67,20905,-74.0,N/A
908.91,20967,-74.0,N/A
909.14,21037,-74.0,N/A
909.37,21157,-74.0,N/A
909.61,21222,-74.0,N/A
909.84,21291,-74.0,N/A
910.08,21362,-74.0,N/A
910.31,21425,-74.0,N/A
910.55,21488,-74.0,N/A
910.78,21556,-74.0,N/A
911.02,21624,-74.0,N/A
911.25,21737,-74.0,N/A
911.48,21802,-74.0,N/A
911.72,21866,-74.0,N/A
911.95,21931,-74.0,N/A
912.19,21997,-74.0,N/A
912.42,22066,-74.0,N/A
912.66,22133,-74.0,N/A
912.89,22201,-74.0,N/A
913.12,22319,-74.0,N/A
913.36,22385,-74.0,N/A
913.59,22449,-74.0,N/A
913.83,22517,-74.0,N/A
914.06,22592,-74.0,N/A
914.30,22660,-74.0,N/A
914.53,22729,-74.0,N/A
914.77,22795,-74.0,N/A
915.00,22909,-74.0,N/A
915.23,22985,-74.0,N/A
915.47,23051,-74.0,N/A
915.70,23119,-74.0,N/A
915.94,23195,-74.0,N/A
916.17,23267,-74.0,N/A
916.41,23339,-74.0,N/A
916.64,23407,-74.0,N/A
916.87,23525,-74.0,N/A
917.11,23595,-74.0,N/A
917.34,23669,-74.0,N/A
917.58,23739,-74.0,N/A
917.81,23809,-74.0,N/A
918.05,23879,-74.0,N/A
918.28,23947,-74.0,N/A
918.52,24018,-74.0,N/A
918.75,24133,-74.0,N/A
918.98,24248,-74.0,N/A
919.22,24295,-74.0,N/A
919.45,24350,-74.0,N/A
919.69,24395,-74.0,N/A
919.92,24439,-74.0,N/A
920.16,24488,-74.0,N/A
920.39,24535,-74.0,N/A
920.62,24639,-74.0,N/A
920.86,24686,-74.0,N/A
921.09,24732,-74.0,N/A
921.33,24778,-74.0,N/A
921.56,24826,-74.0,N/A
921.80,24876,-74.0,N/A
922.03,24924,-74.0,N/A
922.27,24971,-74.0,N/A
922.50,25072,-74.0,N/A
922.73,25119,-74.0,N/A
922.97,25167,-74.0,N/A
923.20,25217,-74.0,N/A
923.44,25265,-74.0,N/A
923.67,25314,-74.0,N/A
923.91,25366,-74.0,N/A
924.14,25414,-74.0,N/A
924.37,25511,-74.0,N/A
924.61,25565,-74.0,N/A
924.84,25612,-74.0,N/A
925.08,25660,-74.0,N/A
925.31,25715,-74.0,N/A
925.55,25764,-74.0,N/A
925.78,25815,-74.0,N/A
926.02,25866,-74.0,N/A
926.25,25963,-74.0,N/A
926.48,26016,-74.0,N/A
926.72,26064,-74.0,N/A
926.95,26118,-74.0,N/A
927.19,26173,-74.0,N/A
927.42,26224,-74.0,N/A
927.66,26276,-74.0,N/A
0.00,2350,-1.0,N/A
900.00,3033,-74.0,N/A
900.23,3089,-74.0,N/A
900.47,3142,-74.0,N/A
900.70,3192,-74.0,N/A
900.94,3245,-74.0,N/A
901.17,3297,-74.0,N/A
901.41,3349,-74.0,N/A
901.64,3403,-74.0,N/A
901.87,3505,-74.0,N/A
902.11,3558,-74.0,N/A
902.34,3611,-74.0,N/A
902.58,3665,-74.0,N/A
902.81,3718,-74.0,N/A
903.05,3774,-74.0,N/A
903.28,3837,-74.0,N/A
903.52,3894,-74.0,N/A
903.75,3998,-74.0,N/A
903.98,4047,-74.0,N/A
904.22,4098,-74.0,N/A
904.45,4159,-74.0,N/A
904.69,4213,-74.0,N/A
904.92,4266,-74.0,N/A
905.16,4327,-74.0,N/A
905.39,4383,-74.0,N/A
905.62,4488,-74.0,N/A
905.86,4542,-74.0,N/A
906.09,4596,-74.0,N/A
906.33,4652,-74.0,N/A
906.56,4712,-74.0,N/A
906.80,4769,-74.0,N/A
907.03,4826,-74.0,N/A
907.27,4880,-74.0,N/A
907.50,4984,-74.0,N/A
907.73,5044,-74.0,N/A
907.97,5101,-74.0,N/A
908.20,5155,-74.0,N/A
908.44,5212,-74.0,N/A
908.67,5270,-74.0,N/A
908.91,5337,-74.0,N/A
909.14,5394,-74.0,N/A
909.37,5499,-74.0,N/A
909.61,5558,-74.0,N/A
909.84,5614,-74.0,N/A
910.08,5681,-74.0,N/A
910.31,5741,-74.0,N/A
910.55,5798,-74.0,N/A
910.78,5856,-74.0,N/A
911.02,5914,-74.0,N/A
911.25,6029,-74.0,N/A
911.48,6086,-74.0,N/A
911.72,6143,-74.0,N/A
911.95,6204,-74.0,N/A
912.19,6265,-74.0,N/A
912.42,6325,-74.0,N/A
912.66,6385,-74.0,N/A
912.89,6443,-74.0,N/A
913.12,6555,-74.0,N/A
913.36,6615,-74.0,N/A
913.59,6672,-74.0,N/A
913.83,6731,-74.0,N/A
914.06,6794,-74.0,N/A
914.30,6854,-74.0,N/A
914.53,6913,-74.0,N/A
914.77,6980,-74.0,N/A
915.00,7085,-74.0,N/A
915.23,7147,-74.0,N/A
915.47,7204,-74.0,N/A
915.70,7266,-74.0,N/A
915.94,7326,-74.0,N/A
916.17,7390,-74.0,N/A
916.41,7456,-74.0,N/A
916.64,7518,-74.0,N/A
916.87,7633,-74.0,N/A
917.11,7694,-74.0,N/A
917.34,7755,-74.0,N/A
917.58,7821,-74.0,N/A
917.81,7885,-74.0,N/A
918.05,7947,-74.0,N/A
918.28,8011,-74.0,N/A
918.52,8073,-74.0,N/A
918.75,8178,-74.0,N/A
918.98,8237,-74.0,N/A
919.22,8299,-74.0,N/A
919.45,8362,-74.0,N/A
919.69,8426,-74.0,N/A
919.92,8489,-74.0,N/A
920.16,8549,-74.0,N/A
920.39,8614,-74.0,N/A
920.62,8729,-74.0,N/A
920.86,8789,-74.0,N/A
921.09,8850,-74.0,N/A
921.33,8920,-74.0,N/A
921.56,8983,-74.0,N/A
921.80,9049,-74.0,N/A
922.03,9116,-74.0,N/A
922.27,9184,-74.0,N/A
922.50,9305,-74.0,N/A
922.73,9370,-74.0,N/A
922.97,9431,-74.0,N/A
923.20,9500,-74.0,N/A
923.44,9573,-74.0,N/A
923.67,9641,-74.0,N/A
923.91,9711,-74.0,N/A
924.14,9785,-74.0,N/A
924.37,9898,-74.0,N/A
924.61,9962,-74.0,N/A
924.84,10029,-74.0,N/A
925.08,10097,-74.0,N/A
925.31,10164,-74.0,N/A
925.55,10230,-74.0,N/A
925.78,10296,-74.0,N/A
926.02,10363,-74.0,N/A
926.25,10472,-74.0,N/A
926.48,10540,-74.0,N/A
926.72,10606,-74.0,N/A
926.95,10674,-74.0,N/A
927.19,10741,-74.0,N/A
927.42,10811,-74.0,N/A
927.66,10880,-74.0,N/A
0.00,2369,-1.0,N/A
900.00,3068,-74.0,N/A
900.23,3132,-74.0,N/A
900.47,3197,-74.0,N/A
900.70,3272,-74.0,N/A
900.94,3339,-74.0,N/A
901.17,3408,-74.0,N/A
901.41,3487,-74.0,N/A
901.64,3560,-74.0,N/A
901.87,3673,-74.0,N/A
902.11,3742,-74.0,N/A
902.34,3810,-74.0,N/A
902.58,3881,-74.0,N/A
902.81,3957,-74.0,N/A
903.05,4028,-74.0,N/A
903.28,4101,-74.0,N/A
903.52,4170,-74.0,N/A
903.75,4289,-74.0,N/A
903.98,4376,-74.0,N/A
904.22,4420,-74.0,N/A
904.45,4469,-74.0,N/A
904.69,4517,-74.0,N/A
904.92,4573,-74.0,N/A
905.16,4621,-74.0,N/A
905.39,4666,-74.0,N/A
905.62,4759,-74.0,N/A
905.86,4804,-74.0,N/A
906.09,4859,-74.0,N/A
906.33,4908,-74.0,N/A
906.56,4956,-74.0,N/A
906.80,5002,-74.0,N/A
907.03,5052,-74.0,N/A
907.27,5105,-74.0,N/A
907.50,5203,-74.0,N/A
907.73,5248,-74.0,N/A
907.97,5300,-74.0,N/A
908.20,5349,-74.0,N/A
908.44,5399,-74.0,N/A
908.67,5450,-74.0,N/A
908.91,5502,-74.0,N/A
909.14,5554,-74.0,N/A
909.37,5649,-74.0,N/A
909.61,5696,-74.0,N/A
909.84,5745,-74.0,N/A
910.08,5800,-74.0,N/A
910.31,5849,-74.0,N/A
910.55,5898,-74.0,N/A
910.78,5954,-74.0,N/A
911.02,6005,-74.0,N/A
911.25,6108,-74.0,N/A
911.48,6157,-74.0,N/A
911.72,6209,-74.0,N/A
911.95,6260,-74.0,N/A
912.19,6314,-74.0,N/A
912.42,6369,-74.0,N/A
912.66,6422,-74.0,N/A
912.89,6476,-74.0,N/A
913.12,6576,-74.0,N/A
913.36,6627,-74.0,N/A
913.59,6677,-74.0,N/A
913.83,6729,-74.0,N/A
914.06,6784,-74.0,N/A
914.30,6836,-74.0,N/A
914.53,6890,-74.0,N/A
914.77,6950,-74.0,N/A
915.00,7052,-74.0,N/A
915.23,7103,-74.0,N/A
915.47,7152,-74.0,N/A
915.70,7205,-74.0,N/A
915.94,7257,-74.0,N/A
916.17,7312,-74.0,N/A
916.41,7363,-74.0,N/A
916.64,7414,-74.0,N/A
916.87,7515,-74.0,N/A
917.11,7570,-74.0,N/A
917.34,7621,-74.0,N/A
917.58,7673,-74.0,N/A
917.81,7735,-74.0,N/A
918.05,7790,-74.0,N/A
0.00,2357,-1.0,N/A
900.00,2993,-74.0,N/A
900.23,3090,-74.0,N/A
900.47,3152,-74.0,N/A
900.70,3206,-74.0,N/A
900.94,3262,-74.0,N/A
901.17,3325,-74.0,N/A
901.41,3383,-74.0,N/A
901.64,3437,-74.0,N/A
901.87,3491,-74.0,N/A
902.11,3591,-74.0,N/A
902.34,3649,-74.0,N/A
902.58,3711,-74.0,N/A
902.81,3769,-74.0,N/A
903.05,3827,-74.0,N/A
903.28,3884,-74.0,N/A
903.52,3943,-74.0,N/A
903.75,4003,-74.0,N/A
903.98,4101,-74.0,N/A
904.22,4160,-74.0,N/A
904.45,4218,-74.0,N/A
904.69,4286,-74.0,N/A
904.92,4344,-74.0,N/A
905.16,4399,-74.0,N/A
905.39,4461,-74.0,N/A
905.62,4518,-74.0,N/A
905.86,4628,-74.0,N/A
906.09,4688,-74.0,N/A
906.33,4747,-74.0,N/A
906.56,4804,-74.0,N/A
906.80,4863,-74.0,N/A
907.03,4928,-74.0,N/A
907.27,4987,-74.0,N/A
907.50,5045,-74.0,N/A
907.73,5149,-74.0,N/A
907.97,5209,-74.0,N/A
908.20,5270,-74.0,N/A
908.44,5332,-74.0,N/A
908.67,5392,-74.0,N/A
908.91,5456,-74.0,N/A
909.14,5518,-74.0,N/A
909.37,5578,-74.0,N/A
909.61,5681,-74.0,N/A
909.84,5744,-74.0,N/A
910.08,5801,-74.0,N/A
910.31,5862,-74.0,N/A
910.55,5928,-74.0,N/A
910.78,5989,-74.0,N/A
911.02,6051,-74.0,N/A
911.25,6112,-74.0,N/A
911.48,6216,-74.0,N/A
911.72,6273,-74.0,N/A
911.95,6337,-74.0,N/A
912.19,6403,-74.0,N/A
912.42,6467,-74.0,N/A
912.66,6530,-74.0,N/A
912.89,6595,-74.0,N/A
913.12,6658,-74.0,N/A
913.36,6762,-74.0,N/A
913.59,6829,-74.0,N/A
913.83,6893,-74.0,N/A
914.06,6956,-74.0,N/A
914.30,7020,-74.0,N/A
914.53,7089,-74.0,N/A
914.77,7154,-74.0,N/A
915.00,7217,-74.0,N/A
915.23,7319,-74.0,N/A
915.47,7384,-74.0,N/A
915.70,7446,-74.0,N/A
915.94,7512,-74.0,N/A
916.17,7574,-74.0,N/A
916.41,7635,-74.0,N/A
916.64,7704,-74.0,N/A
916.87,7769,-74.0,N/A
917.11,7875,-74.0,N/A
917.34,7938,-74.0,N/A
917.58,8011,-74.0,N/A
917.81,8074,-74.0,N/A
918.05,8142,-74.0,N/A
918.28,10199,-74.0,N/A
918.52,10278,-74.0,N/A
918.75,10342,-74.0,N/A
918.98,10449,-74.0,N/A
919.22,10519,-74.0,N/A
919.45,10595,-74.0,N/A
919.69,10663,-74.0,N/A
919.92,10734,-74.0,N/A
920.16,10808,-74.0,N/A
920.39,10873,-74.0,N/A
0.00,2371,-1.0,N/A
900.00,3058,-74.0,N/A
900.23,3122,-74.0,N/A
900.47,3197,-74.0,N/A
900.70,3263,-74.0,N/A
900.94,3331,-74.0,N/A
901.17,3402,-74.0,N/A
901.41,3472,-74.0,N/A
901.64,3553,-74.0,N/A
901.87,3659,-74.0,N/A
902.11,3725,-74.0,N/A
902.34,3795,-74.0,N/A
902.58,3874,-74.0,N/A
902.81,3944,-74.0,N/A
903.05,4017,-74.0,N/A
903.28,4093,-74.0,N/A
903.52,4163,-74.0,N/A
903.75,4277,-74.0,N/A
903.98,4347,-74.0,N/A
904.22,4420,-74.0,N/A
904.45,4490,-74.0,N/A
904.69,4557,-74.0,N/A
904.92,4627,-74.0,N/A
905.16,4697,-74.0,N/A
905.39,4764,-74.0,N/A
905.62,4875,-74.0,N/A
905.86,4943,-74.0,N/A
906.09,5054,-74.0,N/A
906.33,5102,-74.0,N/A
906.56,5146,-74.0,N/A
906.80,5195,-74.0,N/A
907.03,5249,-74.0,N/A
907.27,5297,-74.0,N/A
907.50,5388,-74.0,N/A
907.73,5432,-74.0,N/A
907.97,5486,-74.0,N/A
908.20,5532,-74.0,N/A
908.44,5579,-74.0,N/A
908.67,5636,-74.0,N/A
908.91,5687,-74.0,N/A
909.14,5735,-74.0,N/A
909.37,5824,-74.0,N/A
909.61,5872,-74.0,N/A
909.84,5921,-74.0,N/A
910.08,5974,-74.0,N/A
910.31,6024,-74.0,N/A
910.55,6074,-74.0,N/A
910.78,6124,-74.0,N/A
911.02,6174,-74.0,N/A
911.25,6272,-74.0,N/A
911.48,6323,-74.0,N/A
911.72,6374,-74.0,N/A
911.95,6433,-74.0,N/A
912.19,6482,-74.0,N/A
912.42,6530,-74.0,N/A
912.66,6582,-74.0,N/A
912.89,6630,-74.0,N/A
913.12,6729,-74.0,N/A
913.36,6780,-74.0,N/A
913.59,6830,-74.0,N/A
913.83,6880,-74.0,N/A
914.06,6932,-74.0,N/A
914.30,6988,-74.0,N/A
914.53,7040,-74.0,N/A
914.77,7090,-74.0,N/A
915.00,7189,-74.0,N/A
915.23,7239,-74.0,N/A
915.47,7290,-74.0,N/A
915.70,7342,-74.0,N/A
915.94,7394,-74.0,N/A
916.17,7449,-74.0,N/A
916.41,7505,-74.0,N/A
916.64,7556,-74.0,N/A
916.87,7648,-74.0,N/A
917.11,7706,-74.0,N/A
917.34,7756,-74.0,N/A
917.58,7808,-74.0,N/A
917.81,7869,-74.0,N/A
918.05,7921,-74.0,N/A
918.28,7978,-74.0,N/A
918.52,8030,-74.0,N/A
918.75,8130,-74.0,N/A
918.98,8179,-74.0,N/A
919.22,8236,-74.0,N/A
919.45,8295,-74.0,N/A
919.69,8350,-74.0,N/A
919.92,8405,-74.0,N/A
920.16,8461,-74.0,N/A
920.39,8514,-74.0,N/A
920.62,8607,-74.0,N/A
920.86,8664,-74.0,N/A
921.09,8721,-74.0,N/A
921.33,8774,-74.0,N/A
921.56,8830,-74.0,N/A
921.80,8894,-74.0,N/A
922.03,8952,-74.0,N/A
922.27,9007,-74.0,N/A
922.50,9105,-74.0,N/A
922.73,9158,-74.0,N/A
922.97,9213,-74.0,N/A
923.20,9270,-74.0,N/A
923.44,9323,-74.0,N/A
923.67,9377,-74.0,N/A
923.91,9437,-74.0,N/A
924.14,9499,-74.0,N/A
924.37,9594,-74.0,N/A
924.61,9651,-74.0,N/A
924.84,9713,-74.0,N/A
925.08,9770,-74.0,N/A
925.31,9827,-74.0,N/A
925.55,9889,-74.0,N/A
925.78,9949,-74.0,N/A
926.02,10020,-74.0,N/A
926.25,10122,-74.0,N/A
926.48,10178,-74.0,N/A
926.72,10239,-74.0,N/A
926.95,10306,-74.0,N/A
927.19,10367,-74.0,N/A
927.42,10431,-74.0,N/A
927.66,10497,-74.0,N/A
927.89,10553,-74.0,N/A
900.00,10651,-74.0,N/A
900.23,10711,-74.0,N/A
900.47,10773,-74.0,N/A
900.70,10838,-74.0,N/A
900.94,10898,-74.0,N/A
901.17,10954,-74.0,N/A
901.41,11016,-74.0,N/A
901.64,11077,-74.0,N/A
901.87,11180,-74.0,N/A
902.11,11240,-74.0,N/A
902.34,11301,-74.0,N/A
902.58,11363,-74.0,N/A
902.81,11424,-74.0,N/A
903.05,11486,-74.0,N/A
